Neural_Network!_with_this_many_layers-> 3
0.05
84 64
-0.14305794 -0.09188783 -0.10807504 -0.08941972 -0.10136031 -0.11311626 -0.23776586 -0.034998406 -0.12731095 0.03479121 0.05096387 0.058369495 -0.08963249 -0.18306123 -0.057052646 -0.10588251 -0.01864449 -0.053286206 -0.15378188 -0.14444442 0.017411781 -0.122643255 0.004742342 -0.023543159 -0.23113582 -0.16436589 -0.10427434 -0.023997089 -0.0026161615 -0.10799471 -0.17509028 -0.08366105 -0.027190696 0.049307313 -0.08648572 -0.079569 -0.21928333 -0.107133284 -0.08717401 0.015605456 -0.04592454 0.062579736 -0.19140261 -0.17152797 -0.08349167 -0.050016865 0.028142327 0.019749004 -0.19262289 -0.046484027 -0.07338547 -0.08482616 -0.10330283 -0.04354219 -0.19233799 -0.15938447 -0.12355771 0.061366785 0.027961118 0.050899565 -0.11988533 -0.12203819 -0.05322657 -0.10334883 -0.10655664 -0.023675833 -0.19367653 -0.22760372 -0.041513834 0.03760123 -0.03203103 0.014087353 -0.2144515 -0.14043085 -0.07161083 -0.10572688 -0.07087949 -0.1078908 -0.076756865 -0.17566356 -0.16266438 -0.059000723 -0.005138049 -0.0038152374
-0.16500172 -0.16679682 -0.12537703 0.0015455289 -0.10741832 -0.054396074 -0.18303497 -0.028736463 -0.009723509 -0.1278463 0.045596104 0.06124248 -0.22229376 -0.17017572 -0.1258075 -0.07030551 0.0016685766 0.024372803 -0.11814627 -0.092352 0.053938624 0.002068523 0.042664126 0.064269334 -0.30473402 -7.6904177E-4 -0.06112788 0.0039544273 -0.00782017 -0.014566262 -0.05981378 -0.13487507 -0.08381641 -0.04522796 -0.09794182 -0.074784294 -0.25010055 -0.15756255 -0.05112513 -0.07170231 -0.12886152 -0.07361455 -0.079795316 -0.15849659 -0.03793028 -0.10440696 -0.11141001 -0.037376244 -0.13358635 -0.18155211 -0.052477133 0.04079225 -0.04498811 -0.06700715 -0.19644347 -0.15745409 -0.014380987 -0.11966846 0.03680717 0.07264356 -0.17822032 -0.18483257 -0.13285458 -0.12397388 -0.10145163 -0.085107274 -0.20129398 -0.09971042 -0.15478177 -0.00331507 0.05944222 -0.07130565 -0.08418841 -0.1225482 -0.016499678 -0.09295015 -0.084049895 -0.015492168 -0.117846504 0.008491434 0.008825954 -0.0119780535 -0.013732955 -0.035110164
-0.014280658 -0.0554855 -0.14161034 -0.12418852 -6.1439566E-4 -0.07721823 -0.1940397 -0.05143865 -0.043221243 -0.021150025 -0.047896296 0.027123606 -0.11969829 -0.14513597 -0.032126993 0.032341436 0.03910612 -0.001301889 -0.22276248 -0.168559 -0.04093755 -0.05721932 0.025409272 -0.021679016 -0.13737164 -0.23283608 -0.05146976 -0.1060009 -0.07731591 0.088968165 -0.06262874 -0.09997115 -0.100056335 0.058842015 0.06679715 -0.060499184 -0.08128619 -0.03154022 -0.1656306 -0.022594115 -0.015387641 -0.06476457 -0.14619954 -0.11550605 -0.21692891 -0.115546845 -0.049003333 0.012175938 -0.13940531 -0.1926805 -0.027092349 9.793631E-5 -0.013820751 -0.027252266 -0.17866059 -0.11686916 -0.119820744 0.015714679 0.04153688 -0.01479979 -0.043069076 -0.041970886 -0.06861241 -0.061556578 0.05251125 -0.08273562 -0.16114677 -0.20147488 -0.0339095 -0.05028171 -0.062888995 -0.001085409 -0.34599477 -0.20403735 -0.09193269 -0.040305015 -0.08161938 -0.055439416 -0.24400812 -0.18520285 -0.044071164 -0.011387638 -0.1069646 -0.11330838
0.175396 0.25689268 -0.15199554 0.05149491 0.59356517 0.21093185 0.26997033 0.09432988 -0.3541333 0.0133041395 0.38940635 0.37090403 -0.048534125 -0.15572496 -0.6690076 -0.0865479 0.12989305 0.0133743705 -0.7739294 -0.4001157 -0.4946098 -0.31875092 0.15581696 -0.0023897868 -0.16491371 -0.4374908 -0.37809977 -0.16290233 0.2901039 0.013539825 0.70868534 0.04907041 -0.1602653 -0.060197372 0.23308723 0.42170855 0.5996067 0.47794598 -0.108867496 -0.007752724 0.39277005 0.42393103 -0.6353927 -0.5244777 -0.2833934 0.19534406 -0.31517607 -0.14069222 -0.8110407 -0.38246867 0.21570213 0.1585426 -0.1484238 0.106608935 -0.550184 -0.18203342 0.5217712 -0.020571385 -0.34819657 -0.17887919 0.48800123 0.16806269 0.70030636 0.20323452 -0.23393227 -0.19802444 -0.0666324 -0.12218448 0.038025495 0.34544122 -0.30039462 -0.26714376 -0.7983148 -0.35073727 0.015238267 8.7538135E-4 -0.32036254 -0.40773672 -0.7721273 -0.6233634 -0.23776232 0.36135387 -0.13148838 -0.23234835
-0.2810603 -0.10863657 0.11573766 0.0016238253 -0.2451782 -0.16399164 -0.25637642 -0.20551774 0.28539056 -0.1813746 -0.13518596 -0.15178645 -0.035384573 0.3633271 0.25605983 -0.06021738 0.0018062135 0.04450218 0.305852 0.18555716 0.12183083 0.18429998 0.018678427 -0.11220853 0.3241434 0.3781864 0.23870559 -0.023276255 -0.042079516 0.06913007 -0.44138741 -0.013702782 0.2530088 -0.113232546 0.030955974 -0.24077202 -0.22975588 -0.01224105 0.04363183 -0.097573586 -0.0705585 -0.084290944 0.34039935 0.16067544 0.17506947 0.070408456 0.12726893 0.097641096 0.47713345 0.34135225 -0.16215578 -0.014708171 0.11243429 0.061765168 0.20378971 -0.02429389 -0.29692584 0.016823215 -0.0070389747 0.16411823 -0.5510782 -0.038735736 -0.2657282 -0.19489765 0.076439835 0.1886091 0.15536712 0.10052139 0.099917285 -0.14556056 0.0029789358 -0.0076148463 0.57398725 0.2528577 -0.22964932 -0.10747968 -0.09006517 0.15811709 0.20445642 0.07718616 0.09680825 0.1020338 0.012845487 0.18952459
0.071376115 0.20845148 0.019916354 0.10212451 0.08341288 0.04427211 0.21990588 0.03501122 0.14243658 -0.027392963 0.08249882 -0.0021232977 0.15478423 0.1334588 -0.0040358575 0.044835545 -0.06930666 -0.08471246 0.13024631 0.1521681 0.05071559 0.034104116 -0.01328471 -0.07916685 0.2438275 0.19935729 0.056127716 0.086545646 0.12133451 0.09596275 0.18809642 0.003174266 0.076187536 0.042131066 -0.019916395 -0.07049969 0.195663 0.1343733 0.073632516 0.07827692 0.004247215 0.07377848 0.149 0.09878826 0.18870276 0.048683103 0.11484002 0.05433499 0.12918401 0.0695051 0.13048756 0.13803782 0.018405037 -0.0765372 0.12004079 0.114934504 0.12988125 -0.042842396 -0.04058705 -0.051078677 0.035477653 0.048760585 0.067477204 0.035797246 -0.07531349 0.0044833785 0.071061894 0.16508183 0.16512021 0.15094437 0.028727224 0.019193787 0.13123205 0.026993169 0.18180944 0.05503272 1.3319058E-4 -0.0024342735 0.03329908 0.12430886 -0.014016743 0.08414507 -0.058611475 0.07510487
0.24063644 -0.03495138 -0.22530994 0.007317328 0.07260167 0.034962937 -0.074271835 0.015882498 -0.19180134 -0.09463036 0.03650657 -0.07826083 -0.1641355 -0.25539115 -0.109208636 -0.078759015 -0.06444088 0.09460587 -0.31961995 -0.17468575 -0.06347989 -0.047567695 -0.08212503 -0.06322823 -0.10310895 -0.2934639 -0.07092657 -0.012180503 -0.12731801 -0.027357418 0.18011358 -0.16468854 -0.07434355 0.107554056 0.04803917 0.17642258 0.08321399 0.10717909 -0.14032912 0.023502644 -0.03617404 0.06478549 -0.2542291 -0.088191316 -0.23668548 -0.010060468 0.0013733807 0.010891749 -0.35108593 -0.11278839 -0.052577667 -0.05910483 -0.10491271 -0.0532642 -0.29249182 -0.11512404 0.01542545 -0.05493277 -0.078490205 0.065677315 0.2348915 -0.049997527 -0.056390446 0.021000579 -0.040594716 -0.019134352 -0.16953117 -0.09220958 -0.079600655 -0.105125695 -0.11388857 -0.11275968 -0.37434652 -0.18679573 -0.0025081644 0.029239511 0.03800084 -0.063657135 -0.25728783 -0.023514483 -0.12897184 -0.09467188 0.028515164 -0.11257041
0.2620173 0.14098214 0.06950944 0.05015134 0.04642941 0.04182308 0.16289291 0.09405406 0.03854604 0.02978266 0.073047504 0.105873555 0.07997713 0.09112004 -0.03997706 0.12904476 0.01893387 -0.020048179 0.10121943 0.001887581 -0.12410754 -0.09157608 0.10224417 -0.06563671 0.23645005 0.044491127 -0.008987281 -0.04103682 0.03646701 0.046943672 0.18842798 0.07922149 0.057231795 0.018966332 0.10482638 0.040119156 0.25220144 0.17291266 0.13089462 0.11025788 0.07574687 0.12283649 -0.024496844 0.07425541 0.045759667 -0.014104625 -0.09081822 0.07714564 0.107214846 0.05145077 0.10219471 -0.0068328204 0.12715848 -0.0010738777 0.07813722 0.002566206 0.05907475 -0.018943386 0.06403431 -0.031181678 0.15558414 0.15145117 0.16126755 0.09960447 0.103553414 0.02506882 0.19430426 0.14114551 0.09075657 0.031080035 0.005172528 0.031195989 0.067311995 0.117726535 -0.007860594 0.047123823 0.036451623 -7.3930447E-4 -0.05005329 0.016038109 0.041991863 0.0426698 -0.072064646 -0.103413925
0.17201868 0.31326005 -0.31955612 0.24416845 0.52218497 0.35837173 0.24772632 0.32033023 -0.3980467 0.059813872 0.46675056 0.4189166 -0.16836727 -0.6440291 -0.8712493 -0.06505623 0.066020004 0.010582057 -0.5925119 -0.24375558 -0.42956305 -0.3355711 0.19894193 0.22948046 -0.31486416 -0.35187832 -0.5000948 -0.46293056 0.22002894 -0.0042397655 0.63591874 0.16553865 -0.45842597 0.21977018 0.29711196 0.70408124 0.7414108 0.29818735 -0.20419198 0.0068892445 0.42869753 0.5539142 -0.7455364 -0.5830519 -0.400318 -0.013685486 -0.34978896 -0.18845984 -0.8799823 -0.59056675 0.25553152 0.12386182 0.011224343 0.14180146 -0.54516757 0.07920364 0.5671874 -0.22579007 -0.46096122 -0.36628172 0.50862676 0.31088477 0.6439923 0.3515547 -0.20221855 -0.4106253 -0.24796152 -0.29017943 0.07969636 0.47875476 -0.297482 -0.29489905 -0.64983463 -0.5560979 0.37707248 -0.048045404 -0.15752013 -0.38720778 -0.8423541 -0.5355732 -0.030992411 0.24935548 -0.32828122 -0.23431976
-0.4144148 -0.24901862 0.11156632 -0.1653727 -0.3557178 -0.30481014 -0.29230952 -0.2891935 0.23108688 -0.31267297 -0.21125373 -0.15276459 -0.03150883 0.062243603 0.40468028 0.14228752 -0.13917208 -0.0046702786 0.42614987 0.23946781 0.45450044 0.29919887 -0.0725074 -0.031270172 -0.077634156 0.30551878 0.2898238 0.2658821 -0.024418375 -0.024340924 -0.1295391 0.078572124 0.54119086 0.08699206 -0.1949591 -0.40154803 -0.45663598 -0.3816607 -0.08899668 0.03904934 -0.030763268 -0.35067007 0.45678204 0.37714478 0.057320975 -0.012393381 0.06883591 0.24842134 0.412332 0.3681631 -0.28498718 -0.12810151 -0.07509066 0.14662373 0.23555407 0.20968835 -0.3620443 -0.009795232 0.30032548 0.104936354 -0.21675095 -0.23630026 -0.3542582 -0.3031067 0.05232563 0.31134695 0.21867226 0.0894512 -0.0065178154 -0.18856089 0.13336937 0.27684596 0.140752 0.22116503 -0.12248776 0.29213706 0.114888236 0.3430372 0.7834915 0.49485424 0.41413763 -0.083665945 0.038904503 0.30893478
0.5806057 0.5874335 -0.4022784 0.36702082 0.5101576 0.19061197 0.1566744 0.26533636 -0.710857 -0.050287623 0.26526663 0.57648945 0.328019 -0.5655643 -0.9246803 -0.32748652 0.35805985 0.045471825 -0.600666 -0.4011187 -0.81578463 -0.5597562 0.2403274 0.34240696 0.14816765 -0.31445718 -0.52323574 -0.35293034 0.32748494 -0.2183325 -0.013963219 0.016531566 -0.71619254 -0.19861293 0.15805444 0.6126852 0.94863373 0.69041204 0.20204413 0.015142883 0.20737618 0.48148778 -0.8904264 -0.63268447 -0.077634536 0.1596205 -0.24626835 -0.40070352 -0.4187884 -0.38413566 0.35097215 0.3252756 0.05735507 0.039413545 -0.8497582 0.09745477 0.53468156 0.11636614 -0.63773614 -0.4215876 0.5802621 0.3359866 0.76163036 0.5170726 -0.1754118 -0.2740984 -0.667218 -0.24718775 0.35602552 0.59642535 -0.31495684 -0.31004348 -0.117378645 -0.33805743 0.113416016 -0.35255048 -0.32857707 -0.48095778 -1.1285123 -1.0951796 -0.42242154 0.21827333 -0.37369946 -0.5360296
-0.9244756 -0.8104737 0.4575065 -0.4799105 -0.5761457 -0.218694 -0.09324592 -0.31920633 0.73770463 -0.10342457 -0.29870227 -0.59488326 -0.5246599 0.82684463 0.89237314 0.30180565 -0.39746493 -0.14758077 0.78486663 0.2985232 1.155388 0.56092185 -0.33081284 -0.42243034 -0.37941888 0.3967043 0.7216052 0.42467615 -0.5142383 0.22302389 0.08382009 0.18613565 0.6464563 0.17085017 -0.16754203 -0.6752943 -1.2616414 -0.79625493 -0.18729362 0.19482264 -0.2583544 -0.6466749 0.88182896 0.6935234 0.031161085 0.0580287 0.4874881 0.2681569 0.3517359 0.47119135 -0.46465164 -0.26873904 -0.017904399 0.06845043 0.9262269 -0.13246475 -0.18945141 0.09193271 0.6286981 0.3107587 -0.6198158 -0.5357785 -1.2390206 -0.36681548 0.35997203 0.28583115 0.66022336 0.3655983 -0.3424779 -0.85457605 0.5874199 0.37823752 0.09783942 0.3072746 -0.11112117 0.41924953 0.31551915 0.6583749 1.465009 1.37219 0.39387432 -0.08503932 0.3530831 0.55044603
-1.01225 -0.9802644 0.22344245 -0.45233935 -0.74302346 -0.3617715 -0.15589641 -0.4431922 0.45293006 -0.011858458 -0.3601725 -0.76243806 -0.50396967 0.95743215 1.310706 0.43215513 -0.35857275 -0.21373907 0.54699874 0.31012848 1.0228518 0.5901531 -0.10252456 -0.37442812 -0.65154386 0.60956603 0.86201197 0.27585402 -0.5860314 0.054341502 -0.10498365 -0.23366785 0.69888717 0.45626584 -0.052381277 -0.79116994 -1.4181589 -0.71427304 -0.30720708 0.09121536 -0.3942134 -0.5276465 0.7738924 0.91080034 0.08740838 -0.0144250225 0.52379566 0.27991623 0.34283307 0.3780269 -0.49515143 -0.47276807 -0.058587816 -0.2459349 0.8123937 -0.16104874 -0.48242822 0.00994444 0.9116152 0.47879225 -0.6820194 -0.4697301 -1.0392288 -0.6937269 0.16185781 0.3275691 0.64979506 0.107120536 -0.58939636 -0.7612457 0.5811014 0.3895709 -0.015569649 0.5548055 -0.11065246 0.27685225 0.2191815 0.91704494 1.653744 1.408776 0.57889634 -0.18450016 0.6055816 0.5220124
-0.071932234 -0.12290609 -0.17055398 -0.079831265 0.0012442437 0.04721085 -0.15581724 -0.15570517 -0.1271799 0.024326755 -0.12425076 -0.055404294 -0.2568624 -0.068137005 -0.030308414 -0.024547435 -0.043722883 -0.03771367 -0.2579307 -0.1953294 -0.038953025 0.01460142 -0.029108072 -0.05350419 -0.16432425 -0.08539126 -0.15755212 -0.13852204 -0.097043514 -0.059168693 -0.14493434 -0.015920272 -0.124540746 0.04344345 -0.029792022 -0.06484886 -0.09624248 -0.06363023 -0.1816999 -0.10250256 0.030675288 -0.029157419 -0.08494779 -0.09679177 -0.19173783 0.02534769 -0.091176994 0.00345955 -0.18821815 -0.09535739 -0.059580207 -0.080032475 -0.12682669 0.050211873 -0.17700613 -0.09652108 -0.07039156 0.042508963 -0.014777955 -0.062789544 -0.12680684 -0.20531604 -0.0060212323 -0.09926837 -0.11629167 -0.044742476 -0.19295216 -0.21137163 -0.085746825 0.004312836 -0.046501957 0.04538034 -0.20961863 -0.20163159 -0.15890281 0.041337907 0.06731798 0.072304554 -0.19696851 -0.13980383 -0.081422076 -0.14988375 -0.0034797138 0.046726603
0.75560325 0.639253 -0.4793431 0.2836152 0.4689724 0.2628326 0.026602773 0.28678906 -0.4112164 0.07016652 0.42580184 0.59996456 0.35415292 -0.63471764 -1.0054612 -0.278016 0.2400931 0.15378444 -0.47195745 -0.42191282 -0.6452106 -0.4790634 0.15344611 0.29221573 0.16235104 -0.34227392 -0.4986049 -0.39082715 0.2918816 -0.01799805 0.05845786 0.039536245 -0.85353297 -0.1392581 0.07742502 0.7645291 0.9327828 0.5712534 0.21489082 0.086966 0.28196678 0.42663836 -0.8281962 -0.66415936 -0.12933087 0.023120608 -0.3533085 -0.3655489 -0.50656664 -0.30196917 0.3035586 0.21506387 0.11874268 -0.00740584 -0.61229503 0.13706866 0.5427926 -0.09120365 -0.50134283 -0.32348338 0.53722453 0.51886916 0.88536817 0.61119485 -0.20677863 -0.48618814 -0.7357148 -0.22556342 0.25270998 0.48532635 -0.48270264 -0.32959524 -0.17137758 -0.4564155 0.13012579 -0.26116794 -0.23510104 -0.48363554 -1.1015897 -0.95692027 -0.56654173 0.07154888 -0.26188594 -0.3224422
-0.6986194 -0.8966039 0.38251686 -0.29209295 -0.6992781 -0.2648276 -0.18178993 -0.1695759 0.56167954 -0.22924162 -0.5284015 -0.55440503 -0.20583218 0.62477195 0.8340167 0.30729246 -0.4171839 -0.11221248 0.7755842 0.528702 0.94654435 0.53728485 -0.4106305 -0.34518445 -0.32907072 0.47341636 0.6991268 0.47731188 -0.5559853 0.19456194 -0.41056874 -0.098887265 0.74648315 0.06491171 -0.19050787 -0.9565645 -1.0107416 -0.94609886 0.062445197 0.15864907 -0.3736203 -0.80182457 1.0320435 0.8434123 0.09236687 -0.15207121 0.43096346 0.22047848 0.6258898 0.09817055 -0.5259334 -0.26425812 0.041679207 -0.1370908 0.8383294 0.023700062 -0.43121782 -0.060161598 0.77970606 0.31618893 -0.69639 -0.45927528 -0.9888315 -0.4515201 0.20322111 0.22566852 0.572563 0.22230232 -0.5022283 -0.70179194 0.6906974 0.3837191 0.524943 0.57824963 -0.21006358 0.2773483 0.2829527 0.59143245 1.3031132 1.1783838 0.20220505 -0.26625997 0.30480266 0.5403184
0.19126342 0.12931825 0.13061547 0.09933192 -0.03933272 0.006956783 0.18218602 0.19042282 0.13152339 0.10526806 -0.045676485 0.020780992 0.22898178 -0.012927399 0.008799417 0.13018692 0.098621584 -0.06630869 0.049567033 0.108303696 -0.04856222 0.088473685 0.097538695 0.08830996 0.13754304 0.13792148 0.051454157 0.03014278 -0.045397863 0.02966101 0.11958454 0.13087533 0.004237405 0.055234276 0.090446964 0.022946337 0.23886448 0.16716519 0.08051803 0.055385858 0.1056906 0.006298981 0.09065367 0.13217409 0.1512542 0.13190694 0.041813597 -0.08745414 0.17959845 0.1908124 0.058434814 -0.06061405 0.0016596492 0.0017416696 0.13884602 0.019864336 0.117987685 0.022749038 -0.038551003 -0.026583323 0.19247375 0.2413176 0.10836668 0.102884516 0.039957408 -0.0039767358 0.06400481 0.06879656 0.038506176 0.1229088 -0.014586052 -0.03091496 0.24928337 0.024774363 0.119186535 0.086961485 -0.026506154 -0.041514218 -0.021838576 0.1446404 0.076152265 0.011904138 0.07565799 0.095006704
0.30726656 0.19742288 0.13704757 0.057352316 0.030496834 -0.021365136 0.23757608 0.11157433 -0.008950505 -0.009115851 0.031349685 -0.034089237 0.16185784 0.06699625 -0.07098594 0.07848149 0.011497734 0.020917526 -0.098665036 -9.088919E-4 -0.08760983 0.020282956 0.08378406 -0.005960848 0.10637907 0.11204972 -0.043170504 -0.023280647 0.0014622709 -0.0339879 0.12910971 0.17398424 -0.06540444 0.029378507 -0.044337455 0.11269011 0.31008887 0.14862846 0.16801953 0.06872775 0.029576987 0.06572141 0.04597469 0.06139715 0.013349384 0.05545302 0.028718371 -0.10175753 0.023864646 -0.014146006 0.083589554 0.045697052 -0.0023888622 0.011718646 0.06897911 -0.0037416425 0.13010831 0.044638794 -0.089039624 -0.06488438 0.2685404 0.23562273 0.09740998 0.08299598 0.064235866 -0.06506844 0.14243804 0.02205078 0.1941729 -0.034442138 0.08328844 0.09278975 0.17919531 0.12895669 0.047597222 -0.008972243 0.047239605 -0.118048266 -0.056215696 -0.028602 0.07628706 -0.034496136 -0.086907156 -0.09792584
0.65420955 0.5576257 -0.32500204 0.3967429 0.32203507 0.08393412 -0.076959044 -0.044020593 -0.48603606 0.036724705 0.1062952 0.5162556 0.39459828 -0.26171717 -0.55221677 -0.16481711 0.35163352 4.5931622E-4 -0.5174758 -0.28016943 -0.859503 -0.38393947 0.21824597 0.24309117 0.22635324 -0.23887569 -0.2989024 -0.42066297 0.47830367 -0.20533273 -0.19273214 -0.030134102 -0.5892224 -0.16701272 0.015705505 0.4724648 0.9245328 0.43501726 0.12873146 -0.046285857 0.1617371 0.4433352 -0.7049274 -0.4994782 -0.009047769 -0.20860185 -0.22094738 -0.2733173 -0.33549836 -0.26256907 0.3277414 0.13327003 0.008162208 -0.04898677 -0.8001903 0.002417293 0.045080297 -4.5935018E-4 -0.63237953 -0.20573255 0.46267512 0.32059056 0.7166796 0.44250876 -0.3181793 -0.18506931 -0.46467286 -0.3106959 0.32372087 0.61396134 -0.39377704 -0.16574053 0.1249461 -0.2718684 -0.0038420635 -0.5102497 -0.18797904 -0.4316476 -1.1577798 -0.9737968 -0.26218197 0.12407575 -0.23602201 -0.39132673
0.19493614 0.17847657 -0.15011592 0.11031479 0.16077575 0.067214385 0.2107197 0.17926703 -0.2738395 -0.07216273 0.16095167 -0.010992732 0.07923338 -0.21577838 -0.2603155 -0.005338656 0.13682611 0.04663947 -0.2987456 -0.16895953 -0.10196665 -0.14528981 -0.0856434 0.040136363 -0.25435603 -0.33934894 -0.18976669 -0.007215265 -0.04923356 -0.0792721 0.4082237 0.13354868 -0.2979679 0.10495013 0.032176457 0.27343217 0.28842905 -0.13973236 -0.13732277 0.030567616 -0.14991406 -0.041846726 -0.28209662 -0.2654669 -0.12564895 -0.054682333 -0.11320239 -0.027900662 -0.4486782 -0.26747245 -0.032040507 -0.09363199 -0.11326617 -0.014511803 -0.2879856 0.038086336 0.1738926 -0.049116682 -0.016821977 -0.053071637 0.45892453 0.018622676 0.21021669 -0.013451979 0.030544471 -0.2139162 0.024456 0.032366563 -0.085846655 -0.08985254 -0.015397503 -0.064139664 -0.47898343 -0.32532832 0.21056804 0.08519991 0.09742658 -0.1591203 -0.2386834 -0.23639154 -0.35181925 -0.19745426 0.005797414 -0.13705252
-0.55251753 -0.19763957 0.46725127 -0.3184367 -0.5321242 -0.36502627 -0.20929156 -0.09538531 0.17286545 -0.2878372 -0.4798964 -0.28560314 0.25222078 0.28767163 0.47541964 -0.13867973 -0.26656824 -0.16916233 0.69416726 0.42777935 0.3965549 0.042814918 -0.2390161 -0.3059099 0.41016722 0.53629214 0.019531148 0.15685329 -0.16100128 -0.16354595 -0.7697298 -0.34885842 0.22684236 -0.15764987 -0.30467558 -0.5785224 -0.29452363 -0.2865144 0.27946642 -0.08716459 -0.4402114 -0.3646821 0.7835758 0.35174003 -0.0036953364 0.04105202 0.26857734 -0.011658231 0.7094873 0.1628711 0.040581807 -0.16650619 0.20534988 0.0651089 0.29783878 0.0071633644 -0.6514277 0.0203405 0.24753402 0.20486727 -0.68730927 -0.32657728 -0.6165536 -0.14377333 0.0443219 0.24885106 0.02743706 -0.019397222 0.114199966 -0.42162174 0.23373705 0.34531018 1.0058506 0.660186 -0.134667 0.145481 0.3555287 0.13472995 0.20140736 0.4887029 0.04891177 -0.19993778 0.077610984 0.2185943
-0.2759913 -0.16415276 -0.11524998 0.04469403 -0.0748049 -0.120979704 -0.21231948 -0.1786152 0.020666804 -0.09423356 0.016902316 -0.07922503 -0.19341159 -0.18075031 -0.04131335 -0.0069940356 0.06970522 0.07175124 -0.07344558 -0.01622949 -0.016360238 -0.054277096 -0.10751084 -0.0042071086 -0.09950272 -0.08133774 -0.012943699 -0.048832476 -0.008501449 -0.07770164 -0.26122603 -0.18795569 -0.038798057 -0.120848276 -0.04088319 0.023901198 -0.28949183 -0.09292055 -0.009164989 -0.11627021 -0.10312166 -0.07904416 -0.073747195 -0.14793715 -0.16380504 -0.07617802 0.022471568 -0.047805198 -0.21664351 -0.1899804 -0.057102937 -0.015616263 0.044176627 -0.062279664 -0.18365341 -0.06594413 -0.0038174111 -0.11586638 -0.0024288094 0.003185112 -0.1285373 -0.11516559 -0.13283268 -0.08242887 0.044861782 -0.04798069 -0.07652379 -0.113493204 -0.10764192 0.009802941 0.022168562 0.06988199 -0.059504095 -0.16400036 -0.089248404 -0.04607826 -0.03591867 -0.07730937 -0.11356462 -0.08730125 -0.064768635 -0.007311173 7.359177E-5 0.06888203
-0.33034045 -0.2321806 -0.042402606 -0.12157505 -0.092302404 -0.15873125 -0.052696154 -0.22499892 0.20693067 -0.18268496 -0.0674346 -0.10765132 0.0038295267 0.08422668 0.26784882 0.01808262 -0.014754138 0.07279058 0.27845705 0.1531133 0.2136595 0.124865845 -0.059657995 -0.07281298 0.03635085 0.09702136 -0.004087227 -0.018430714 0.008013414 -0.04437272 -0.23374544 0.015052101 0.18212657 0.08997594 -0.17250925 -0.2608051 -0.3891467 -0.19579753 -0.08609565 -0.058373984 -0.098009266 -0.13297093 0.2717563 0.17681108 0.07206228 0.0066086003 0.15960069 0.050536238 -0.031083765 0.03673078 -0.13094512 -0.026011886 -0.016014447 0.021288425 -0.07078422 0.05886795 -0.14424305 -0.15549502 0.07831016 -0.018219484 -0.21263096 -0.30518878 -0.29413682 -0.13081834 -0.0025018402 0.101401664 -0.010172369 -0.10411541 -0.16339868 -0.09565545 0.119120404 -0.05173119 0.066309035 0.014050205 0.002490673 0.04618066 0.17678268 0.14112887 0.3513326 0.33491987 0.10805442 -0.050846983 0.0254154 -0.07435621
0.30182162 0.17680599 0.11698458 -0.022265697 0.044636495 -0.008374139 0.13148247 0.13283001 -0.057154205 0.0760315 0.0046349363 0.0760976 0.16832864 0.13831146 0.02751742 0.08348481 5.8516214E-4 0.06274749 0.056822583 0.015254614 0.064007975 -0.094643705 0.012075428 -0.06586326 0.2527329 0.13466983 -0.0014829815 -0.06279554 -0.023364242 -0.00820389 0.0711577 0.08488154 0.037291363 0.021073025 -0.027161185 0.041096434 0.1756802 0.15473992 0.11612119 0.08299068 0.088726275 0.07160006 -0.03199351 0.06882684 0.058513597 0.1139982 -0.07447859 -0.047181286 0.13326894 0.084669456 -0.020420162 0.10190673 0.03976989 0.08165965 0.14560275 0.11185504 0.14621964 0.09808564 -0.039651696 -0.06190202 0.30315772 0.0961733 0.13923354 0.13759989 -0.071479835 -0.06357788 0.14032075 0.14548399 -0.0027610443 0.06712659 -0.05736284 -0.096444346 0.08889545 0.08948482 0.05814745 0.011480407 0.09276737 0.009589817 -0.031557575 -0.019381765 -0.04725807 -0.07831139 -0.048285197 -0.028038442
0.23132549 0.17044398 0.15660767 0.085161 0.049007557 0.01649768 0.11089546 0.17982477 0.09978948 0.013092216 0.11168944 0.11382307 0.10821106 0.15234727 -0.02375993 -0.048191223 0.052970048 0.06907066 0.14715324 0.042359233 -0.039699223 0.05768731 -0.053184908 -0.005967617 0.21311505 0.07975736 0.06551652 0.12813689 0.065478235 -0.07023303 0.05935544 0.12489275 0.015788766 0.095054574 -0.03124896 0.039259017 0.24433272 0.1258532 0.16760917 0.07200038 0.045510728 0.035201605 0.14994752 0.19778751 0.08601741 -0.00454796 0.028872315 -0.0629339 0.09279944 0.20720461 0.034451652 0.106232256 0.13546789 -0.029284813 0.17771153 0.08728372 0.046617802 0.120628186 -0.057435464 0.041887134 0.09293902 0.21558346 0.13028347 -0.034380075 0.06170124 -0.043048244 0.15773773 0.22111072 0.020007743 0.109547466 -0.018647453 0.05105313 0.13385649 0.07703658 0.027324904 6.7615905E-4 -0.006356509 -0.02903631 0.078900725 0.1779259 0.019551672 0.10254268 -0.024884019 -0.017624209
-0.33850285 -0.15066367 0.13455574 -0.13945964 -0.38415402 -0.13646005 -0.17622061 -0.07201999 0.14369506 -0.10798459 -0.47536713 -0.15600184 0.24181192 0.0935679 0.4886299 -0.04517543 -0.22831263 -0.09371971 0.32620162 0.39723554 0.20104946 0.10138799 -0.14862089 -0.2367402 0.1472918 0.24914862 0.3436478 0.10517126 -0.051417902 0.08167773 -0.756138 -0.1731753 0.15011284 -0.09710585 -0.34181067 -0.46260333 -0.23007569 -0.28920266 0.14777175 0.030646194 -0.36578393 -0.55954075 0.44561654 0.14176138 0.13451496 0.14339025 0.27629438 0.10006004 0.4067973 0.030442098 -0.22493893 -0.19199952 0.018913418 -0.13046922 0.12002896 0.047517844 -0.4398007 0.062784806 0.26784205 0.2955345 -0.60090965 -0.33730903 -0.44912285 -0.21626405 0.021579426 0.27555487 0.1588656 0.19082634 -0.22183575 -0.1432778 0.23538397 0.16758873 0.85141873 0.30162358 0.041487888 0.11741387 0.14483637 0.1986121 0.27686086 0.3775345 -0.052233472 -0.3769464 -0.09711653 0.07938926
-0.36384428 -0.44117492 0.30208334 -0.14586443 -0.40859228 -0.30580908 -0.2273833 -0.11724621 0.36714292 -0.21342702 -0.3964577 -0.40188327 0.07701373 0.29090405 0.69667697 -0.12163942 -0.0015014658 -0.17948517 0.5954999 0.08205867 0.51326734 0.24176665 -0.046367887 -0.2590842 -0.14317563 0.36393255 0.57791984 0.206111 -0.23022516 0.10689735 -0.5968356 -0.18883851 0.38019866 -0.11203159 -0.12730429 -0.38083795 -0.65056586 -0.436714 0.061202332 -0.07214307 -0.29773608 -0.57770497 0.4576816 0.50524867 0.19053195 0.04429561 0.21336345 0.02856894 0.49884954 0.09534991 -0.10405361 0.008400308 -0.1024165 0.0861592 0.13348489 -0.017405149 -0.48267296 0.11817942 0.15381941 0.2780259 -0.6651894 -0.42924753 -0.7646499 -0.37901518 0.027303612 0.24571107 0.35340318 0.13101403 -0.27260116 -0.29925874 0.27368456 0.27672637 0.7635906 0.29694706 -0.030052751 0.027393756 0.17791274 0.19674236 0.65860605 0.6738501 0.05301812 -0.1167995 0.0533196 0.21409515
0.34179822 0.038039252 -0.1255629 0.005763273 0.10868802 0.082993366 0.1690789 0.10368767 -0.30975536 0.013810292 0.19900095 0.16264017 0.049043704 -0.27758983 -0.15025175 -0.047667313 -0.051343653 -0.05263753 -0.40742636 -0.15447004 -0.1755391 -0.079213515 -0.045524865 -0.06291803 -0.2971426 -0.385057 -0.24732798 0.026612207 0.03928143 0.04071542 0.49829265 0.08618618 -0.30839708 0.05724103 0.092570305 0.26821965 0.3057214 -0.04996182 -0.04246524 -0.08260289 -0.11225042 0.1530827 -0.37586555 -0.22045569 -0.226541 -0.054853894 -0.084406525 -0.1247286 -0.47788912 -0.2346573 -0.044668328 -0.06943781 -0.12173675 -0.18466409 -0.3298332 -0.010745017 0.0709197 -0.08689546 -0.10662555 -0.09733094 0.4098181 0.04944414 0.18942319 0.1150737 -0.11563279 -0.21990661 -0.11072271 -0.12709875 -0.1089003 0.10964607 0.018638255 -0.081980735 -0.46084866 -0.4629415 0.15940881 -0.032978497 0.09057521 -0.07834902 -0.3002805 -0.17499965 -0.24836078 -0.18876004 -0.047548186 -0.12534492
-0.43569595 -0.1122789 0.39127275 -0.09989895 -0.687252 -0.32562065 -0.27070308 0.13740373 0.31240124 -0.07379425 -0.36271706 -0.2596226 0.36772525 0.28275505 0.47316414 0.049393315 -0.4051796 -0.026387261 0.6621274 0.46436012 0.49966338 0.1525578 -0.115761794 -0.019225497 0.5523585 0.5104846 0.2818116 0.13989292 -0.25001717 -0.2606095 -0.8821905 -0.15680037 0.18248218 -0.023080813 -0.35537654 -0.383537 -0.31469345 -0.12217093 0.08779565 0.122204915 -0.46301213 -0.48750004 0.93678683 0.47388452 0.18819256 -0.094619244 0.32703012 -0.025081161 0.8727862 0.16443875 -0.08854647 -0.05288293 0.15483752 -0.11100135 0.17639157 -0.008509829 -0.6079452 -0.09878944 0.24920511 0.06171506 -0.52104974 -0.39951864 -0.58634055 -0.050149243 0.197957 0.028963352 -0.19170158 0.08442878 0.049424283 -0.36165485 0.08687781 0.32032973 1.1557888 0.5649266 0.10851393 0.06722223 0.264224 0.13217235 0.3624836 0.39252174 0.11474264 -0.32634738 0.088624716 0.321487
0.33691683 0.3271147 -0.345406 0.27912167 0.62012184 0.39893422 0.3544831 0.20352085 -0.27698377 0.13217914 0.51648873 0.37993702 -0.17948423 -0.44346425 -0.647869 0.09867414 0.12929942 0.13769646 -0.73448545 -0.3288564 -0.5619328 -0.41327474 0.12331 0.34016976 -0.24217916 -0.56122184 -0.14658481 -0.21276188 0.14753784 0.055971924 0.40437648 0.028668545 -0.5517816 0.05591177 0.11395779 0.55135906 0.6071909 0.25723493 -0.15122513 0.013727171 0.33643535 0.3430463 -0.57765573 -0.624407 -0.27248573 0.19022807 -0.054713737 -0.30251977 -0.74411774 -0.47036698 0.21056549 0.12633994 0.040412553 -0.11125683 -0.38509637 0.047896065 0.58651227 -0.15008307 -0.08997257 -0.16084448 0.4149322 0.14614998 0.5583933 0.31946108 -0.29649714 -0.36230016 -0.25892103 -0.16629317 -0.055124313 0.43147945 -0.1773752 -0.3533284 -0.6547942 -0.41529065 0.25600588 0.014708697 0.022546262 -0.40372705 -0.76013637 -0.670433 -0.30809644 0.14185418 -0.36374187 -0.2771942
-0.43625033 -0.43885514 0.09293301 -0.045696575 -0.56181127 -0.50302565 -0.46756643 -0.3652459 0.38325503 -0.31377655 -0.17355695 -0.23515525 -0.06294503 0.43250644 0.45488325 0.06891181 -0.09089182 0.0047985823 0.54582405 0.40022302 0.5462536 0.34823164 -0.11953578 -0.1473716 0.3341946 0.4663533 0.08568655 0.13865079 -0.046296626 0.05658548 -0.17886564 0.2336285 0.5691664 -0.11776093 0.061299015 -0.5730614 -0.5708178 -0.40058982 -0.11111975 0.15236008 -0.01625563 -0.21585126 0.5460628 0.67479 0.38410214 -0.08505217 0.26502392 0.27561262 0.78454685 0.20400804 -0.23055814 0.0022115025 0.048953827 0.09220438 0.29767314 0.01777562 -0.3197558 -0.09406331 0.24807478 0.101569615 -0.22286765 -0.31047747 -0.6932145 -0.26526418 0.15390286 0.19778144 0.09194324 -0.06237691 0.06793771 -0.3229766 0.12448962 0.36409402 0.34215704 0.16234827 -0.24090199 0.085074574 -0.044402417 0.4585507 0.63449687 0.72373784 0.5304391 0.04323395 0.2928072 0.35480568
-0.3564677 -0.09958936 -0.11229342 -0.04950382 -0.13143682 0.0038638455 -0.28705916 -0.17689791 0.00899968 -0.11103322 0.0020945368 0.034325674 -0.25316963 -0.14562516 -0.0254013 -0.0782654 -0.111332595 -0.097835906 -0.087485164 -0.026263999 0.09908402 0.03494585 -0.09912882 -0.09464119 -0.30381158 -0.03001128 0.047835752 -0.009103546 0.02935846 -0.0021838031 -0.122458994 -0.1494295 -0.037453786 -0.071798585 0.0052830437 0.015884722 -0.27323556 -0.09087121 -0.17400762 -0.12769195 -0.11509105 -0.11108446 -0.059229676 -0.039721057 -0.08698393 -0.13330469 0.06887856 0.08062137 -0.03818504 0.010171343 -0.049711935 0.041818496 0.044108383 0.089384295 -0.13655916 -0.14638337 -0.06491379 -0.05164171 0.002022478 0.04182956 -0.25326073 -0.15633646 -0.14204463 -0.0424535 0.04998612 0.012532843 -0.17224987 -0.08760394 -0.15363121 0.0025057408 0.06904798 0.06910414 -0.20949274 -0.054949466 -0.11568698 -0.022916606 0.063374504 0.07575219 -0.03275052 0.03315266 0.040200282 0.03920574 -0.018662792 -0.005337166
-0.25300428 -0.26846892 0.26288706 -0.17075373 -0.3984646 -0.03296034 -0.1651257 0.12984385 0.030980188 -0.095373094 -0.22033885 -0.32320562 0.13635844 0.18365698 0.312554 -0.07171442 -0.14100179 -0.19428018 0.35413322 0.12745565 0.3629093 0.057021677 -0.22840498 -0.15513998 -0.028052678 0.16431807 0.16976303 0.056166764 -0.11831209 0.0449417 -0.69172376 -0.25554845 0.09921069 -0.03529045 -0.1876086 -0.31452954 -0.26708043 -0.34811807 0.13107197 -0.038923647 -0.35441732 -0.3881022 0.33999264 0.21302156 -0.041889474 0.0663544 0.2629554 -0.11945047 0.5118165 0.037436143 -0.16402419 -0.0979106 -0.07229206 -0.07697913 -0.019515967 -0.014052438 -0.4370468 0.050345477 0.101280004 0.16507776 -0.6377239 -0.414155 -0.5966215 -0.2807807 0.0608249 0.13943306 0.16750774 -0.032312967 -0.28419092 -0.06329967 0.24598926 0.21604106 0.855568 0.24776317 0.0222455 0.11607476 0.12565424 -0.0013212368 0.20578852 0.3696021 -0.02257536 -0.19959173 0.0071460176 0.17547347
-0.049812406 -0.08140107 0.16698398 0.009079407 -0.068457164 -0.0230099 -0.027323624 0.033986144 0.13112622 0.024595834 -0.009622046 7.8786776E-4 0.114954785 0.12197974 0.16752553 -0.06781849 -0.063053735 -0.07056017 0.22672938 0.062281236 0.08460865 0.097747676 -0.013441455 -0.07587125 0.2198465 0.1613196 0.034680013 0.10547798 -0.03995339 0.07611943 -0.20143996 0.096848994 0.035396393 0.10025238 0.016219746 -0.13275437 -0.03592181 0.07290316 0.02157273 0.016174385 0.060366042 -0.07042261 0.20211287 0.17055236 0.15493138 0.08586765 0.06539406 0.094356924 0.33133125 0.28375846 0.07243441 0.12354991 -0.023130098 0.023087213 0.22640878 0.1523777 0.08206424 -0.07106624 0.029640306 -0.06790688 -0.02292143 -0.103792 -0.028776754 0.07041558 0.10214093 -0.018790528 0.07003103 0.03268245 0.13496478 0.03893196 0.047894005 0.05757556 0.29990453 0.29947215 -0.0403536 0.121616326 -0.052503396 0.08912501 0.29963595 0.105145805 0.04273575 0.14192581 0.05106312 0.117509216
-0.57273656 -0.63007927 0.19721523 -0.28145364 -0.39829355 -0.19671983 -0.029440101 -0.12590656 0.35585257 -0.20700589 -0.29353884 -0.37824148 -0.13440193 0.6257991 0.7676625 0.029349603 -0.19301108 -0.10264523 0.5085278 0.5058992 0.48975936 0.3164809 -0.25546452 -0.30293834 -0.03495906 0.1775357 0.45566922 0.30552375 -0.26880327 0.10784774 -0.15604365 0.026570464 0.51435125 0.05971509 -0.08450305 -0.62990475 -0.74572814 -0.44600278 -0.04222554 0.25318062 -0.05811281 -0.4127519 0.6176671 0.6459827 0.18750992 0.15966982 0.32210198 0.29257786 0.41809142 0.32766756 -0.17612958 -0.18726583 -0.0067904 -0.049553785 0.5794979 -0.30837357 -0.5359951 -0.058494993 0.4558372 0.20467353 -0.3070817 -0.46310997 -0.60818464 -0.4595976 0.07067648 0.33118027 0.3725795 0.33087465 -0.25986797 -0.2733741 0.3486716 0.3211245 0.08966144 0.2528735 -0.10704699 0.32176593 0.20851779 0.4319328 0.9766524 0.7608627 0.30361575 -0.10349201 0.21231751 0.42496076
0.16462556 0.096941024 0.06965369 0.005296589 0.102964394 -0.025980499 0.12080532 0.17099038 0.105888136 0.06001301 0.043546434 -0.015011544 0.13817039 0.15038097 0.069657244 -0.03019924 0.0130674755 -0.07741179 0.15282093 0.115570046 0.049329203 -0.016901694 0.10275582 0.088470995 0.1883331 0.122722134 0.08389361 -0.0036840697 0.028871572 -0.046156496 0.2071764 0.07577049 0.06361153 -0.031225933 -0.041682314 -0.09022181 0.21348836 0.073040284 -1.6946599E-4 0.017205397 0.052735537 -0.051351886 0.09554021 0.12823978 0.04288821 0.04027011 0.06496659 0.017820727 0.13494807 0.13772379 0.116025336 0.019101745 0.09946183 0.016696598 0.16911699 0.12231837 0.06843254 0.12475439 0.09622951 0.01143955 0.090993315 0.01021734 0.027374743 -0.0063015064 -0.049868014 -0.030373016 0.15728784 0.06679789 0.09449147 0.024539277 0.04939474 -0.035803653 0.23046948 0.18385762 0.07574013 0.009306411 0.030211248 0.029288424 0.17687199 0.18976903 0.022025006 0.11936178 0.052958686 0.06822973
-0.6316266 -0.66578346 0.34863606 -0.31361046 -0.5155905 -0.090120204 -0.18733637 -0.30245554 0.49548793 -0.15752274 -0.24513863 -0.47220162 -0.5713325 0.655784 0.9505943 0.17719646 -0.21865517 -0.018971922 0.5110989 0.27236328 0.62209874 0.47607502 -0.053556424 -0.26127127 -0.36321253 0.2870573 0.5083925 0.16084519 -0.3110679 -0.0704536 0.095738545 0.05232981 0.76189697 0.24117632 0.049386807 -0.6083623 -0.842528 -0.45794475 -0.029021429 0.08450273 -0.24380761 -0.45318252 0.76770145 0.67525274 0.001275393 0.107377976 0.36935294 0.1600199 0.24163598 0.38307714 -0.30970946 -0.26768956 -0.12572524 0.036034547 0.7691597 -0.11779891 -0.26832023 -0.036952067 0.51722354 0.41307306 -0.52776605 -0.34444606 -0.68268704 -0.4930871 0.1447318 0.40044135 0.42458907 0.1941898 -0.38496295 -0.59915066 0.31876993 0.35066402 -0.005283657 0.29173997 0.062328797 0.29019555 0.23182896 0.44499013 1.0908287 0.88529253 0.41187876 -0.15896447 0.33117637 0.44351724
0.5317198 0.60302484 -0.22866347 0.24105021 0.4359958 0.35567644 0.16171396 0.36924347 -0.6071378 -0.034189403 0.298432 0.57220894 0.43804556 -0.6095294 -0.8809665 -0.24903576 0.25958964 0.13116583 -0.46910265 -0.2763665 -0.580763 -0.45367935 0.320681 0.326329 0.17815998 -0.34790272 -0.5558789 -0.33902085 0.38904384 -0.083274014 -0.06974852 -0.043330804 -0.7408875 -0.17693853 0.11664192 0.6564492 0.8596389 0.5692987 0.16105787 -0.0931996 0.11901375 0.4677235 -0.84381175 -0.6081965 0.057528056 0.1568038 -0.12933327 -0.3208171 -0.48444283 -0.3554361 0.28926697 0.22487222 -0.061459992 -0.034987856 -0.7913581 0.040946554 0.49172822 0.09589768 -0.6045565 -0.41491726 0.6125357 0.12976328 0.6590616 0.51527447 -0.040605932 -0.21785338 -0.42399243 -0.3319355 0.4318738 0.49471992 -0.3656765 -0.2803325 -0.033612236 -0.42361078 0.19520944 -0.363826 -0.3460516 -0.49696463 -1.0912092 -1.0999423 -0.5245604 0.05574348 -0.2456625 -0.5055596
-0.15057923 -0.15471248 0.0056211664 -0.028998058 0.05435662 -0.078826204 -0.18609451 -0.18737103 -0.0521578 -0.116155215 -0.114837304 -0.044126756 -0.13245714 -0.09834998 -0.121188335 -0.022866642 0.03256382 -0.09747171 0.008717538 -0.076119505 -0.021881927 0.007143376 0.057191353 -0.02920597 -0.16105607 -0.13607724 -0.04420822 -0.11248564 -0.021266043 -0.051372003 -0.15866183 -0.19885387 0.036291618 -0.090895064 -0.021925958 -0.10200037 -0.12882437 -0.17441382 -0.1638909 -0.12259731 -0.10073582 -0.023167202 -0.017668154 -0.11920763 -0.11836189 -0.11798871 0.021147631 0.05400636 -0.06811988 -0.030987736 -0.14423977 -0.0016610633 -0.03948434 -0.10519728 -0.028837346 -0.124533646 -0.024025122 0.003978492 -0.08849231 -0.038100082 -0.20936371 -0.17307925 -0.018733451 -0.11262347 0.017328978 -0.06493061 -0.003015638 -0.12967505 -0.171637 -0.021535374 -0.10223346 -0.0062818364 -0.10340304 -0.008403696 -0.1186067 0.052769974 -0.09556411 0.079281926 -0.09452831 -0.11858398 0.017235238 -0.0094628865 -0.004922259 -0.048744064
0.72629946 0.5303886 -0.1908871 0.19489121 0.54439 0.27075884 0.13779953 0.40390083 -0.34116364 0.22913642 0.45800033 0.3234136 0.39991313 -0.34610757 -0.5142963 9.095052E-4 0.373158 0.06207656 -0.7644765 -0.48648563 -0.6587027 -0.5170637 0.008152737 0.26287037 0.015385217 -0.043450188 -0.17837337 -0.15049168 0.083023444 -0.053055234 -0.14999011 -0.17314173 -0.67422634 0.107073724 0.05313116 0.6422683 0.97759473 0.41821232 0.21903408 0.16690767 0.12968165 0.29442737 -0.57868934 -0.54784983 -0.363026 0.22708592 -0.16996153 -0.37433627 -0.31049326 -0.3717111 0.35393468 0.1500395 0.036382973 0.09487835 -0.4551319 -0.08002749 0.33451366 -0.010963728 -0.42829132 -0.13854545 0.52390176 0.29762045 0.5795505 0.37236613 -0.1648769 -0.398901 -0.2860547 -0.34533823 0.28464335 0.469178 -0.17665224 -0.15243816 -0.032388058 -0.29681286 0.19144483 -0.32484034 0.023072414 -0.45155236 -1.0772254 -0.8600391 -0.43251115 -0.022999935 -0.16955899 -0.35706908
-0.9534163 -0.9730947 0.6327373 -0.23031989 -0.635921 -0.20656689 -0.31279072 -0.6039145 0.29146475 -0.30298758 -0.4668043 -0.7241416 -0.621779 0.8984528 1.2731117 0.16278082 -0.36172637 -0.20922227 0.66559756 0.40866506 1.0473976 0.7380958 -0.039474692 -0.48530012 -0.2964181 0.48548907 0.71655995 0.28330564 -0.43491942 0.11984547 -0.05940182 -0.01848 1.1548612 0.19328853 -0.1549408 -0.8299987 -1.4328552 -0.71480393 -0.06776838 0.10422061 -0.13046241 -0.6524526 1.0839221 0.98909247 0.325188 0.06446296 0.60777193 0.3587488 0.5809568 0.40619093 -0.34857363 -0.35095656 -0.22708826 -0.018119914 1.1563048 -0.2865767 -0.5932812 0.15233892 0.6668494 0.4319314 -0.70001984 -0.6296327 -1.1255001 -0.8360523 0.1696913 0.64478475 0.7031247 0.29868385 -0.46504644 -0.686172 0.519571 0.48913127 0.15560001 0.73118407 -0.1240804 0.28367913 0.35986468 0.6210778 1.7003988 1.4766219 0.525102 0.018543987 0.505608 0.7266255
-0.18876116 -0.18586726 0.23535275 -0.1783883 -0.09805958 0.09190584 -0.0035823034 0.011882165 0.23791872 -0.0059745037 -0.07642892 0.017312331 0.055736944 0.24891241 0.12407312 0.04274818 -0.010926181 -0.033320602 0.32998127 0.1466109 0.07369261 0.17807284 0.04407409 -0.12230396 0.33582917 0.3432809 0.06783949 -0.04422537 0.0481638 -0.023822343 -0.2603091 0.049104318 0.22436324 0.050198406 0.03683666 -0.19043535 -0.21145143 0.06332405 -0.02144389 -0.070892334 0.15361235 -0.072398335 0.2860628 0.33137575 0.03508287 -0.054612316 0.035759315 0.09965772 0.38325703 0.18297504 -0.10156556 0.07657358 0.08105918 0.0440328 0.3110005 0.13409764 0.011495112 -0.05742217 0.11590532 0.089164115 -0.22898473 -0.12462861 -0.26264375 -0.07355248 -0.023849634 0.082458965 -0.035809197 0.1483289 0.069171235 -0.07343687 0.031152377 0.001408628 0.4312038 0.28582227 -0.0025024875 0.003432852 -0.12415994 0.18611698 0.2235014 0.09319923 0.13759111 0.04884225 0.10877842 0.16929889
-0.09214918 -0.20286131 -0.09057246 -0.034466315 -0.034994718 -0.0013735736 -0.13974462 -0.0499431 -0.07839397 -0.047736242 -0.025365807 -0.051931094 -0.1725758 -0.0670867 -0.012647225 -0.030255085 -0.09808204 -0.003723857 -0.20276573 -0.17318705 0.0069702263 0.0033078813 0.04204889 -0.018489476 -0.21796559 -0.10838326 -0.1672796 -0.02297163 -0.08500716 -0.10032161 -0.01641289 -0.14206968 -0.064893365 -0.12347901 -0.108500004 -0.027556961 -0.021710573 0.008907529 -0.012183986 -0.07780121 -0.078162186 -0.019482654 -0.23957056 -0.17859031 -0.12568493 -0.100427315 0.014040889 -0.07384535 -0.16004527 -0.22037561 -0.16387372 -0.08463243 -0.12285204 0.047628358 -0.08727475 -0.060002424 -0.16157226 -0.07674788 -0.050876327 -0.10742509 -0.12470216 -0.13672665 -0.021438707 -0.09496716 -0.041949183 -0.01849886 -0.13822116 -0.10262601 -0.172679 -0.06589288 -0.116026945 -0.0648125 -0.23181738 -0.1517478 -0.18547659 -0.09479225 0.0050970865 -0.0655634 -0.16068593 -0.17703976 -0.054695833 -0.09740336 -0.1174915 0.030475859
0.5551679 0.3322593 -0.36327827 0.26034167 0.68577695 0.2780497 0.33343723 0.013124269 -0.26936477 0.24472222 0.48810193 0.27180365 -0.47544223 -0.114363596 -0.6261056 0.12020732 0.3334406 0.22941531 -0.6134588 -0.517409 -0.41747415 -0.1632004 0.058289316 0.047761813 -0.35403585 -0.423919 -0.18404503 -0.22566335 0.31092373 0.17732425 0.78624415 0.30526152 -0.45811728 -0.065075785 0.31696388 0.5926232 0.3928926 0.16535643 -0.17515832 -0.050697315 0.44607842 0.52381164 -0.74828446 -0.36232948 -0.13413942 0.07230328 -0.16653666 0.05039277 -0.7579495 -0.105892286 0.30570143 0.22417594 -0.0558029 0.077184394 -0.00701757 -0.13232379 0.73287165 -0.054299153 -0.24015652 -0.18767077 0.6235391 0.44672182 0.44854355 0.30552086 -0.24912903 -0.10626649 0.12154772 -0.15717219 0.0019127226 0.42511597 -0.12379683 -0.44711456 -1.0247072 -0.68515223 0.16584842 -0.14073005 -0.22987445 -0.38208905 -0.31955326 -0.5679742 -0.2455627 0.43145084 -0.1297389 -0.22786248
7.594151E-4 -0.052680362 -0.05242992 0.010360406 -0.05548945 0.06573897 -0.17797226 -0.13134174 -0.041750997 -0.13245536 -0.016830212 0.06953914 -0.19225717 -0.07811622 -0.12069143 -0.10916406 -0.034140084 -0.052958928 -0.15659872 -0.22494084 -0.046608422 -0.045951247 -0.07907995 0.09356577 -0.14574039 -0.17259401 -0.19051917 -0.075498044 -0.037691712 0.034562916 -0.04826296 -0.12295059 -0.15153655 0.0708436 -0.0860104 -0.025805304 -0.05822791 -0.0013091097 -0.18542017 0.093569644 0.07238639 -0.031461608 -0.17036696 -0.07757768 -0.10116357 -0.0072797756 -0.022395669 -0.092698894 -0.29796052 -0.13046391 -0.14345032 -9.808514E-4 0.010322967 -0.08894899 -0.21248189 -0.15472339 0.028842514 0.0021959862 0.029156055 -0.09084129 0.08343559 0.0010888515 -0.11164687 -0.11245484 -0.06671575 0.022511551 -0.17421167 -0.1823081 -0.1490746 0.018766621 0.04868358 -0.009463916 -0.36592254 -0.26503858 -0.01892437 -0.10748363 -0.013446269 -0.03305815 -0.25813037 -0.16665871 -0.12051429 0.001949789 -0.09846302 0.017238269
0.033385713 0.19528846 0.020360075 0.094177134 0.034130786 0.027934944 0.26363495 0.15730812 0.01021032 -0.0131442435 0.10148707 -0.06482472 0.18455033 0.10086792 0.026982458 0.13476633 0.0073720263 0.031299815 0.15221187 0.19958794 0.046825547 -0.0177945 0.054195285 -0.075271845 0.16610177 0.1301271 0.06355537 0.03586286 0.04234535 -0.01366394 0.07837074 0.009437965 0.17194696 0.124010876 0.06461937 -0.001716134 0.112395324 0.12146948 0.17209604 -0.01533038 0.04296156 -0.026809976 0.20884463 0.235525 0.04837763 0.09754736 0.08774716 -0.034351915 0.2155429 0.19617423 0.10382325 0.12254766 -0.032670766 0.061037067 0.13300863 0.18540196 0.043979585 -0.030921297 0.0081536975 0.04580924 0.12449362 0.09372617 0.09315315 -0.021841632 0.09881666 -0.02794357 0.029563516 0.15635857 0.08335553 0.040258706 0.08992883 0.019819688 0.25650093 0.16944675 0.11234229 0.11027526 -0.0049042054 0.03402271 0.19105914 0.15760662 0.07035279 0.1188417 0.10773215 0.0996688
0.17388687 0.08600586 0.14651635 0.1066677 0.014673953 -0.038384322 0.011019803 0.1440423 0.120976284 0.017372642 -0.039011456 0.127312 0.06827593 0.015065585 -7.28047E-4 -0.012184918 0.11940587 -0.058077123 -0.039054297 -0.049053222 0.07788415 0.109799884 0.1185034 -0.03539932 0.17605053 0.1696719 0.048186257 0.04774967 -0.015927294 0.002370849 0.1351244 0.14614557 -0.021623963 0.09311717 0.10576171 0.093481794 0.18809597 0.13303906 0.09435147 -0.053466294 0.06362766 -0.07083698 -0.0069971653 0.16730651 0.13974243 0.0918142 -0.046595007 0.05824337 0.13663514 0.050616603 -0.0055594924 0.014285974 0.12739928 -0.06366931 0.04075011 0.106934875 -0.021166716 0.027337134 0.040464904 -0.014490883 0.13630964 0.19987522 0.10410133 0.14298593 0.07620731 -0.05324726 0.17549405 0.11759588 0.17678344 0.11200879 -0.06879515 -0.013082542 -0.02852377 0.12079568 0.16813074 0.037658423 -0.01976153 0.09026903 0.015220367 0.029849807 0.0097173955 0.12267507 0.010563318 0.054966636
-0.053003848 -0.048197035 -0.19313063 0.0064210743 -0.04753034 -0.04780984 -0.16042481 -0.05367782 -0.044445235 0.043208823 0.08002918 -0.005518291 -0.07571007 -0.047511578 -0.14789659 0.06923527 0.06695804 -0.03978348 -0.15302764 -0.19395651 -0.08773237 -0.054488413 -0.080886796 -0.029257067 -0.15159407 -0.17654711 -0.13422598 0.025404677 -0.022251725 -0.060853038 0.08724208 -0.16091295 -0.19270325 0.02788906 0.002211583 0.1134236 0.041076127 -0.07672955 -0.10539306 -0.07030728 0.016913189 -0.06419124 -0.2793296 -0.167435 -0.14288414 -0.09657857 -0.047204316 0.056773722 -0.14386144 -0.19922799 -0.15523565 -0.12242201 -0.031237148 0.07753217 -0.11967613 -0.1590551 -0.041519728 -0.094125636 -0.116852425 -0.112761796 3.2362307E-4 -0.071995266 0.06704993 0.046636473 -0.07443564 -0.012616314 -0.20876457 -0.17688407 -0.0869091 -0.06858466 -0.12248552 -0.06993347 -0.32022187 -0.1532045 -0.17703712 0.014005236 0.061162937 -0.099173784 -0.14295793 -0.1787918 -0.08537117 -0.093165636 -0.09876062 -0.011142177
-0.7582656 -0.7669619 0.27679107 -0.3420643 -0.554027 -0.29301402 -0.015072258 -0.2860647 0.7284932 -0.13818903 -0.38161606 -0.65711546 -0.45179734 0.6230473 1.0118915 0.24215566 -0.3020387 -0.151116 0.67274845 0.45963377 0.86686295 0.64496094 -0.41434553 -0.35435137 -0.2665753 0.19569114 0.4923276 0.3189994 -0.20972723 0.17747425 -0.017646031 0.15071665 0.75750214 0.11589311 -0.31861228 -0.80180186 -0.9228085 -0.6836617 -0.08707188 0.1221563 -0.29705748 -0.58715695 1.0548834 0.64515483 0.06523274 0.03897512 0.35729322 0.45480525 0.65401286 0.35377762 -0.7028617 -0.26938683 -0.15985651 0.03014691 0.9729815 -0.056132615 -0.5539229 -0.11596193 0.7016073 0.33019373 -0.55858296 -0.25246793 -0.8584172 -0.6201353 0.23843277 0.37212598 0.75307655 0.33584654 -0.43620482 -0.7294108 0.31767142 0.24712628 0.29028237 0.3221073 -0.19942717 0.27926183 0.27985308 0.5707943 1.1588001 1.1121686 0.509819 -0.11044622 0.27872616 0.56601834
0.027313154 0.09489672 0.019608844 -0.0057003773 -0.021265944 0.10975455 0.07908203 0.009887484 0.13211668 0.018828383 0.027892824 0.073669374 0.13999765 0.11630931 0.07983005 0.1245489 -0.093306154 -0.089303665 0.2054441 0.09035632 0.034955043 0.0074600284 -0.08211762 -0.068982854 0.18992327 0.1658938 0.07364488 0.05095335 0.05463562 -0.045608237 0.011250433 -0.019551931 0.14833781 0.10919635 -0.029503787 0.031241167 -0.011510095 -0.04667266 0.17960219 0.06456662 0.08816367 0.07653056 0.19917701 0.099828884 0.17041259 0.05058085 0.011985683 -0.013323647 0.25861886 0.17849801 0.15355255 -0.04686469 0.111405164 0.0735337 0.15010534 0.1672276 -0.03201124 -0.027259525 0.10859754 0.1032748 0.009520096 -0.0014991466 0.07262429 -0.053806096 0.13116413 0.0181428 0.22326896 0.19336845 0.079179704 -4.4251958E-4 0.037896678 0.050132703 0.26224515 0.16795814 0.15345076 0.069316365 0.12674108 0.053820044 0.09132459 0.20782842 0.20068932 -0.005146647 0.079115465 0.060805656
-0.09859333 -0.078475356 -0.16008696 0.053927258 0.04169362 0.077099785 -0.18903059 -0.019679833 -3.2954977E-4 -0.0824861 -0.079146534 0.061808724 -0.13720866 -0.17727348 -0.15656906 -0.038841046 0.01618199 -0.10700558 -0.05700257 -0.07133547 -0.052165 0.014730865 -0.1225162 -0.08994754 -0.29341498 -0.18301463 -0.07221102 -0.052982632 0.037064455 0.078862205 -0.08682235 -0.1468142 -0.12441356 -0.11983571 0.03968557 -0.08235981 -0.13697825 8.37753E-4 -0.07684297 -0.057192612 -0.051745217 0.03551205 -0.07440375 -0.07907432 -0.14986154 0.0408119 -0.0812138 0.020256199 -0.20616867 -0.07755492 -0.06319561 -0.0044062072 -0.08137965 0.08212115 -0.21120599 -0.21665324 -0.14964215 -0.06413088 0.029610872 0.028122872 -0.16515325 -0.09829181 -0.11612137 -0.033032756 -0.118705235 0.060903866 -0.18867947 -0.06676579 -0.12873815 -0.07300443 0.014724794 -0.041144043 -0.20269005 -0.2116457 -0.115397885 -0.009270706 -0.12536764 -0.03369849 -0.13022901 -0.19068998 -0.10403743 -0.11880622 0.038646434 0.047048863
-0.12933533 -0.071973525 -0.14135467 -0.03249087 0.02846089 -0.050070036 -0.13122351 -0.16282234 -0.085417226 -0.066597104 -0.026696317 0.039430708 -0.25135267 -0.16253248 -0.05188014 -0.13328843 -0.10025605 -0.06116909 -0.08035087 -0.20365033 -0.024344798 -0.11796015 -0.09146497 -0.07298387 -0.14744143 -0.1901111 -0.025164029 -0.06480925 -0.06501862 0.011909848 -0.09228816 -0.17500381 -0.16814815 0.041787244 0.08158496 0.020486284 -0.11979403 -0.097210996 -0.14542541 0.014301734 -0.0743395 0.02991196 -0.21892118 -0.07361688 -0.05660364 -0.1437325 0.04863785 -0.09322695 -0.19189647 -0.09914248 -0.1504631 -0.015784388 0.032102082 0.025429811 -0.08924047 -0.21014221 -0.055541962 0.00843777 -0.03273184 -0.053549953 -0.012307509 -0.062202368 -0.06272634 0.039232023 -0.11402003 0.011571589 -0.10658477 -0.17297462 -0.037333235 -0.036702547 0.039058466 0.041036163 -0.14204608 -0.2141119 -0.11697685 -0.022733213 -0.048004575 -0.10501498 -0.11454472 -0.16133718 -0.13840692 -0.12872025 -0.0996986 0.0630477
-0.37633532 -0.30590412 0.1641176 -0.28448024 -0.3440997 -0.28983954 -0.08134776 -0.21977341 0.46987823 -0.20939861 -0.41925582 -0.21241462 -0.16646892 0.24902299 0.34457433 0.24024092 -0.21833554 -0.086554244 0.661831 0.36272606 0.56326205 0.5074395 -0.24692895 -0.29917324 0.025476947 0.10276283 0.3025369 0.27238843 -0.11054287 0.024406917 -0.07531482 0.07557896 0.64350414 -0.032153253 -0.16587305 -0.62343436 -0.68956363 -0.31133574 -0.09974911 -0.023036 -0.13258497 -0.42226413 0.5400319 0.38417518 0.21330544 0.13843499 0.24184342 0.23854403 0.26543903 0.30070448 -0.4241315 -0.07505936 -0.113903664 0.016749427 0.42930526 0.16118367 -0.39620733 -0.10246269 0.44344229 0.20108844 -0.39043474 -0.1872532 -0.6801146 -0.3751648 0.14490618 0.2681562 0.2875702 0.40241605 -0.16927715 -0.41076964 0.2697538 0.20101872 0.18659541 0.23775992 -0.13506311 0.256828 0.029534053 0.342907 0.8562445 0.48030546 0.29766074 0.008827731 0.18864384 0.37544817
-0.34897792 -0.12188523 -0.0048219697 -0.13603649 0.034274068 -0.081486 -0.18198366 -0.09107412 0.052213587 -0.08315922 0.042276617 -0.07593662 -0.22485633 -0.11147829 0.035140958 0.019509098 -0.107606836 -0.076289035 0.091963544 -0.042298738 0.10144989 -0.076063745 -0.08975465 0.071985014 -0.13465647 -0.04562798 -0.009076726 -0.079749875 -0.006013448 0.09006232 -0.21346875 -0.1753738 0.063932694 -0.123378314 0.042040974 0.0026609022 -0.16988257 -0.08589998 -0.15464258 -0.11724154 0.013803067 0.0555614 -0.09363663 0.04637039 -0.02432298 -0.13098268 -0.044445794 0.10776865 -0.20034672 -0.009041466 -0.10934844 -0.12345302 -0.083261594 0.027306953 -0.13731548 -0.0059007946 -0.13450141 0.068631 -0.036105767 0.058810607 -0.24455039 -0.15563995 -0.14349297 -0.07405561 -0.007967258 0.042625427 -0.103052124 -0.08138832 -0.10025524 -0.14205813 -0.09207903 -0.10561523 -0.048334066 0.023398146 -0.17776977 0.049876515 -0.096469924 0.081345916 0.105108656 -0.085413605 -0.08061158 0.054520123 0.044859216 0.08294941
-0.1680122 -0.14290772 -0.028053848 -0.13246176 -0.0836924 -0.050809387 -0.2041899 -0.10529804 -0.009848518 -0.10616192 -0.09770202 -0.019016393 -0.15846522 -0.11539705 -0.08032449 -0.0021077932 0.017531458 0.05807163 -0.10197913 -0.05873506 0.01819399 -0.10700447 -0.11472648 -0.055315573 -0.17780429 -0.1934645 -0.15570028 -0.054778934 0.062470492 -0.06543812 -0.20081007 -0.011282415 -0.13646726 -0.1266595 -0.083353944 0.022299401 -0.20339565 -0.07139502 -0.108546935 -0.003618379 -0.11423123 -0.10151306 -0.095484115 -0.08388755 -0.09041872 -0.08877296 -0.00934112 -0.11189875 -0.11457551 -0.18704146 -0.10041287 -0.020999752 0.021441123 0.07479982 -0.1879564 -0.07844149 -0.11087129 -0.10435044 -0.066480026 -0.049287427 -0.059026893 -0.21316287 -0.15641795 -0.120754786 -0.118853845 -0.06343054 -0.22716275 -0.21818884 -0.12508416 0.013416832 -0.031924367 -0.09092405 -0.16314813 -0.17123936 -0.14714894 -0.09604956 -0.059513602 -0.04159321 -0.20179118 -0.17815402 -0.11829296 -0.12719713 0.054404102 -0.09258181
0.013679695 0.081494875 -0.21162972 -0.08463784 0.13434327 0.051449597 -0.12228567 -0.04599944 -0.11743449 -0.095683 -0.08246847 0.034201186 -0.0969369 -0.06475825 -0.11002604 -0.039091066 0.006303928 0.011904543 -0.2617841 -0.105826885 -0.20732477 -0.119314656 0.033275407 0.008216808 -0.19015336 -0.1641915 -0.15737623 -0.012327704 0.03214069 0.07253284 0.01504142 0.0020963878 -0.0595685 -0.0031753143 0.017369077 0.052348465 -0.0065530557 -0.092068955 -0.12715755 -0.058293104 0.05092678 -0.035449807 -0.1353556 -0.14583617 -0.027788552 -0.06384149 -0.15703969 -0.060811847 -0.32823634 -0.2102324 -0.03788516 -0.14946017 0.011424558 0.012857148 -0.20658265 -0.016022371 0.032914948 0.042233266 3.4422387E-4 -0.067386374 0.08372065 0.01826225 0.009940757 -0.0604211 -0.11417759 -0.12397706 -0.06911169 -0.19582772 0.018266628 -0.122899935 -0.1197717 0.047346916 -0.34778506 -0.28057802 -0.082050145 -0.13951394 0.03626086 -0.090313286 -0.29760385 -0.1944783 -0.16602656 -0.17257743 0.029810242 -0.021496201
-0.19927786 -0.20585795 -0.11439755 -0.03710039 -0.040231653 -0.13399738 -0.24898778 -0.13998136 -0.017379394 -0.036259737 -0.12246951 -0.1421206 -0.050820228 0.052934796 0.09677179 -0.014283619 -0.06336493 0.02470922 0.20913678 0.082146645 0.09345343 -0.018640712 -0.019570421 -0.08260482 -0.1450999 -0.058588196 0.06550061 0.034740224 -0.0034685715 -0.01854847 -0.21985924 -0.13112895 0.023625266 0.045126297 -0.02085136 -0.16496266 -0.28323334 -0.1273578 -0.03632076 0.04116151 -0.06365282 -0.13979267 0.034263577 0.05445548 0.117146246 0.05833071 0.06591551 0.039049175 -0.06720402 -0.10826 -0.07721356 -0.101842955 -0.078971624 0.034840822 -0.13850683 -0.039669156 -0.007104429 -0.0202547 -0.047100876 -0.022216482 -0.2842528 -0.1508349 -0.23507696 -0.11627601 0.02890582 -0.07974217 -0.07934894 -0.093911886 -0.06880346 -0.017011298 -0.0031871328 -0.019505605 -0.045969926 -0.014483615 -0.105919324 0.0749616 0.073604845 0.08152042 0.17642462 -0.02833448 -0.036986567 0.011997319 -0.033064723 2.1589622E-4
-0.08222081 -0.03533261 -0.16807847 -0.048529074 0.030417731 0.076932475 -0.224211 -0.14366508 -0.15626127 -0.05710799 -0.095330946 0.041346088 -0.16465077 -0.1416085 -0.0350857 0.069409154 -0.050011784 -0.09547818 -0.07365293 -0.054763563 -0.06772724 -0.081459075 -0.006013091 -0.098294854 -0.17968586 -0.14160465 -0.103387214 0.028639182 -0.024198253 -0.11323919 0.0010178022 -0.07083804 0.015631178 -0.09518758 0.054070022 -0.072410315 -0.15559685 -0.14320792 -0.005298522 0.050237335 0.028274773 -0.041718584 -0.20121312 -0.09441523 0.045382984 -0.044556156 -0.06730505 -0.0930114 -0.072252385 -0.121067315 -0.14244889 -0.045390576 -0.05440878 -0.0049329163 -0.2229764 -0.13825105 0.031452987 -0.033129986 0.050350968 -0.086708575 -0.1431855 -0.15783313 -0.07080197 -0.06345515 0.04012019 0.05624501 -0.1829175 -0.1890036 -0.004876124 -0.14475971 0.034182098 0.038725484 -0.18175615 -0.10601115 -0.12828027 -0.085951045 0.021835407 -0.10179177 -0.057298347 -0.044584204 -0.13328017 -0.10500709 -0.093439765 -0.11049976
0.24486862 0.2272684 5.210196E-4 0.003707074 -0.0060616154 0.092615515 0.13820992 0.033629525 0.05059326 -0.020517053 0.10754986 -0.056426004 0.14540726 0.113407694 0.11674933 0.0030995812 -0.020137953 -0.01936 0.094304405 0.06894822 0.029338492 0.019573892 0.08756383 -0.01309454 0.22553258 0.050622948 0.017829083 0.022105481 -0.06270485 -0.0161092 0.19596449 0.10757223 0.03839618 -0.021414053 -0.066926464 0.020275462 0.26085475 0.15595354 0.18592627 -0.022969771 0.061227906 0.06460963 0.13582264 0.04014199 0.14019375 0.10026254 0.09216016 0.0044673183 0.1665066 0.120753594 0.14493178 -0.036291406 0.038784582 -0.011542009 0.15500276 0.057256896 0.03272511 -0.0049526235 0.05657423 -0.07951304 0.12330185 0.22086933 0.13160108 0.13223243 -0.050670024 -0.027968688 0.17564172 0.20079793 0.06452502 0.062803246 -0.029614223 0.08351653 0.24335594 0.11199567 0.112250075 0.1236694 0.047146205 -0.031286344 0.13492945 0.10971627 0.03306137 -0.018275488 -0.021599764 0.017298032
-0.42602977 -0.4130584 0.29686922 -0.3144879 -0.40596887 -0.2689012 -0.18924658 -0.21421538 0.35790145 -0.20424534 -0.39776063 -0.3675002 -0.08601341 0.21995829 0.65285116 0.03170065 -0.14812689 -0.03822392 0.50273186 0.27062246 0.4678095 0.31095654 -0.10482503 -0.29689115 0.084749 0.39386877 0.32089975 0.2506256 -0.23545317 0.011370792 -0.3264671 -0.15823776 0.39163503 -0.057286564 -0.23911193 -0.5371423 -0.5685261 -0.5079963 0.02118701 0.0328267 -0.42532012 -0.44338143 0.5129937 0.37170458 0.21434717 -0.031466857 0.21657494 0.2398468 0.5238128 0.26679438 -0.3279783 -0.10901993 0.028532824 -0.06592374 0.44636887 0.09888682 -0.6555922 0.03179266 0.2513394 0.23101513 -0.39842266 -0.16694215 -0.5255424 -0.37756458 -0.0037323092 0.24209492 0.34282094 0.27473164 -0.14350082 -0.35370398 0.15230428 0.32765374 0.54276323 0.44845283 -0.115036316 0.18175545 0.14825268 0.39532638 0.5639048 0.56333524 0.21991938 -0.089192435 0.23695877 0.20247708
0.3464678 0.10396914 0.031231316 0.074612826 0.1433452 0.122680224 0.1558232 0.12597358 -0.01687942 0.08658724 0.13242908 0.036201105 0.18084112 0.07204782 -0.120791495 -0.042639174 0.041751 -0.056977984 -0.014131741 0.030909358 -0.031052295 -0.05122794 -0.07859101 0.07036095 0.14364955 0.09347666 0.041748885 -0.00181102 0.099996105 0.07564561 0.14482222 0.17244156 -0.09995787 0.12008087 -0.05121616 0.04661183 0.3234447 0.12650709 0.018083302 0.1328659 0.102389134 0.05742094 -0.055381853 0.09455881 0.07915413 -0.014236757 -0.064341344 0.03320744 0.06549429 0.015889576 0.11614731 -0.03706336 -0.008184942 -0.062005762 0.19724178 -0.021367371 0.017210621 -0.019782146 0.009742082 0.04028929 0.20609514 0.25688273 0.098167524 -0.048716325 -0.048093926 0.07336266 0.08785871 0.13766359 0.13299496 0.06475183 -0.044805758 0.09488303 0.12107313 0.064019784 0.013038804 -0.058754228 0.07392722 0.07494345 -0.07709648 0.074242376 -0.041131742 -0.005684254 -0.035551656 0.034259927
0.17934005 0.10648272 0.14655435 0.00393504 -0.014082298 -8.836101E-4 0.19444418 0.09352242 0.019708645 0.072753385 0.09087566 0.10551178 0.074027844 0.12464162 -0.0387676 0.009022967 0.11637012 -0.032513022 0.08256185 0.10274207 0.002534625 0.08484204 0.046327528 -0.060144555 0.16378585 0.02103826 -0.002877983 0.035802823 0.055020608 0.049547896 0.11104791 0.09702563 -0.0037904927 -0.06618215 0.0906585 0.041079428 0.2660121 0.17778349 0.008025354 0.05947036 0.05702277 -0.019128835 0.08492323 0.1509563 0.0062700417 0.0076866453 0.07263033 -0.053578045 0.1850397 0.085220024 0.07479571 0.088007994 0.054169502 0.10421236 0.1444438 0.060546935 0.10818868 -0.05871983 0.044526625 0.08950144 0.20827857 0.23978461 0.15021114 0.055308755 0.073831394 0.061263777 0.2068726 0.14632402 0.007847836 -0.006478875 0.08091022 0.029410644 0.14414072 0.19887581 0.17716043 0.09947256 0.045789134 0.003869695 0.09551632 -0.023964414 -0.014494842 -0.021353135 -0.08104623 -0.021216234
-0.1857265 -0.20469138 0.3216743 -0.38772887 -0.326746 -0.30778942 -0.080664046 -0.49069554 0.22799638 -0.12574291 -0.47753915 -0.42421886 0.25382003 0.5479363 0.6454719 0.06982529 -0.3967582 -0.18179554 0.45427853 0.23426142 0.30361488 0.34776527 -0.2894019 -0.43590012 0.14718011 0.18368968 0.2643128 0.28625688 -0.40973452 0.001848088 -0.52448267 -0.014141399 0.40907708 -0.4157338 -0.27274838 -0.6605799 -0.6911832 -0.23624629 0.15201162 -0.11607568 -0.47051445 -0.49712726 0.6565745 0.49482867 0.143204 0.26871496 0.15204872 0.091827676 0.6615497 0.57428706 -0.1476381 -0.2673376 0.016035847 -0.07636359 0.44156942 -0.090413876 -0.6508777 -0.14874396 0.41207546 0.21862033 -0.4582587 -0.24955016 -0.5064267 -0.52780956 0.07512304 0.26411873 0.30105317 0.3950699 -0.14531669 -0.41646942 0.23856685 0.112092815 0.6226671 0.30035767 -0.30972686 0.14599262 0.05610838 0.2440663 0.89480263 0.40119556 -0.039787475 -0.17138226 0.060640242 0.20843844
-0.009228194 -0.10550255 -0.081355065 0.008449184 0.04190907 0.020651702 -0.020073673 -0.0848276 -0.010250137 -0.01734077 0.049633697 0.007905651 -0.16172042 -0.024233859 -0.09203967 -0.03800053 0.039949823 0.007500847 -0.13946947 -0.18142127 -0.12526071 -0.035786003 -0.07153729 -0.062390856 -0.1962638 -0.17865361 -0.07935498 -0.13007455 0.010669429 0.06625463 -0.045437854 -0.08062507 -0.015183637 -0.119298875 -0.03644488 -0.009170696 8.939472E-4 -0.09060575 -0.19017868 -0.011010756 -0.015500627 -0.0783191 -0.26016486 -0.026594536 -0.19123101 -0.102731526 -0.031403754 -0.06249594 -0.28764808 -0.15919515 -0.07573111 -0.112218775 -0.02268621 -0.069937564 -0.12895352 -0.20361097 -0.14584301 -0.026079776 -0.11527612 -0.084119275 0.11600104 -0.022543065 -0.008156726 0.03696226 -0.08038511 -0.007002901 -0.19916199 -0.08886082 -0.12830351 -0.06611563 0.058394276 -0.03902833 -0.28942287 -0.15130861 -0.09816369 -0.1247344 -0.12587509 -0.021695731 -0.2054268 -0.2379746 -0.15302613 0.040905956 -0.058240145 -0.0499455
-0.35580856 -0.48280293 -0.3776531 -0.5850701 0.19226137 0.45617393 -0.33712587 0.46155077 -0.6931717 0.20504934 -0.37563846 0.14093134 -0.01955866 -0.46445194 -0.40900004 0.52033406 0.46089172 0.44544157 -0.13591446 -0.32043844 0.6834309 -0.32854033 0.024884477 0.3128381 0.3609222 0.34592304 0.1909459 -0.23850474 0.85864365 -0.48831233 0.35506144 -0.32335657 0.28378683 0.27748573 0.18034264 0.3722827 0.052175343 -0.24042237 -0.36494327 -0.096954785 0.044317696 0.17718814 -0.47879714 -0.6190896 -0.37340832 0.3938982 0.28989655 -0.31149006 0.55858666 0.43569994 -0.27288213 -0.4023581 0.29211354 -0.34162918 -0.34946483 -0.21689278 -0.33771303 -0.23335788 0.44300896 0.41546446 0.47839728 0.43626568 0.74115473 -0.35730168
64 64
-0.063136205 -0.14290325 -0.052013103 -0.07123395 0.036211327 0.12755285 -0.075251795 0.113676816 0.0597813 -0.09110341 -0.10323682 -0.0010100965 -0.050211888 -0.098866194 0.041118257 0.02487084 0.1522525 0.13393323 0.040087897 0.026076624 0.097765885 -0.123426706 -0.13050623 0.12809578 0.17862192 0.063562095 -0.006841792 -0.14450495 0.072232634 0.057401508 0.12585294 -0.064625606 6.2116294E-4 0.15847008 -0.038662747 -0.017023422 0.049956907 0.0028122042 -0.004802414 0.05789236 -0.0052565215 0.0271215 -0.21823455 -0.1587309 -0.044927984 0.16172732 0.053477056 -0.08924659 0.039243147 0.0060121445 -0.030388266 -0.061203104 -0.05598566 -0.033983335 -0.17660826 -0.06433833 -0.13025549 -0.12859249 0.06778675 0.102090694 0.17937824 0.16126716 -0.015061171 -0.15897532
-0.13998616 -0.09401257 -0.09195906 -0.1624995 0.034321543 0.091936834 -0.1564724 0.15703008 -0.08890666 0.06490053 -0.048630003 0.08812939 -0.077360146 -0.098841034 -0.09844032 -0.045618564 0.164632 0.11984674 0.05043864 -0.064889334 0.13429883 -0.084642515 0.037459802 0.024397563 0.055853758 -0.007475402 0.031584274 -0.0957294 0.18215218 0.046324752 0.10657766 -0.028825875 -0.0024763604 0.03804051 0.043939028 0.16095525 0.0458107 -0.0066364505 -0.085700646 -1.7109873E-4 -0.07274278 0.048826262 -0.20821948 -0.10537227 -0.1839625 0.21235311 0.16712181 -0.13455571 -0.037195005 0.10020619 -0.177881 -0.01181379 -0.011019894 -0.13240059 -0.06004417 -0.06938743 -0.118745305 0.015232629 0.16759035 0.004127419 0.15247583 0.032196093 0.10593265 -0.13651556
0.15763372 0.008493862 0.13996147 -0.013064856 -0.14084846 -0.05855919 0.18308328 -0.09118462 0.0010683738 0.09507451 -0.014769306 0.03277477 -0.048555262 0.11273661 0.0625722 0.053197242 -0.008134417 -0.16413409 -0.050333492 0.13393503 -0.15271951 0.053197257 0.11607991 -0.058042876 -0.14332092 -0.030277578 -0.051913407 0.16753928 -0.007290563 -0.04478128 0.0064879446 0.17140818 -0.11100328 -0.07119403 0.079681575 -0.14205417 -0.043520797 -0.06032481 -0.024739465 0.046937514 -0.09827479 -0.17218606 0.20506302 0.014810489 0.18371657 -0.16890927 -0.018488254 0.038553704 0.01375243 -0.13763286 -0.012757554 0.1415257 -0.0024583512 -0.020161808 0.17339993 0.012027068 0.012658317 0.05833019 -0.15945898 -0.005264255 -0.063791074 -0.17655799 -0.10389616 0.050850578
-0.19982572 -0.19644159 -0.1467263 0.006084938 0.1634321 0.08336532 -0.11152475 0.094946876 0.027744161 -0.10068282 0.059500534 -0.020288026 0.094139025 -0.05185909 0.05115538 0.036203973 0.012199701 0.1130394 0.020909408 -0.15402913 -0.024664052 -0.120867975 -0.12874056 0.07155223 0.059988327 0.11788047 0.07772191 -0.11434537 0.1843671 -0.07484375 0.058846783 -0.083889045 0.015368491 -0.025447644 -0.08816289 0.058879305 0.026459215 -0.069874644 -0.071469106 0.070800506 -0.03282061 0.03836487 -0.15288429 -0.014264922 -0.16819994 0.1947441 0.098014906 -0.16349006 0.0399914 0.044458497 -0.09820111 -0.016851937 0.039393816 -0.16228002 -0.11331217 -0.07235687 0.02050166 -0.13712086 0.18550925 0.102868214 0.123104446 0.17479442 -0.024370024 7.2972913E-4
0.21032514 0.09274061 0.021543248 0.1185576 -0.17664205 -0.17632596 0.12173256 -0.16424586 0.14521609 0.01729898 0.05763383 -0.098535754 -0.029117815 0.09346718 0.014794359 -0.11588108 -0.18349455 -0.018769324 -0.10092332 0.10580115 -0.14610851 0.10435743 -0.041251723 -0.040091883 -0.10898989 -0.12477208 -0.11593006 0.15235527 -0.04268428 9.823195E-5 0.0074929283 0.09039355 -0.07536753 -0.006068218 -0.0017392259 -0.088155635 0.073546596 0.027155854 0.043943007 0.06560879 -0.07652898 -0.14899902 0.138743 0.09027054 0.021706985 -0.13312033 -0.050163213 0.16265996 -0.032543965 -0.09838566 0.17985764 0.113942005 0.034728482 0.010995037 0.16112794 -0.021839952 0.15313111 -0.014906498 -0.18462342 -0.0915146 -0.015206992 -0.11739148 -0.03455983 0.14986013
0.18808737 0.1196743 0.09544501 0.049032427 -0.010615942 -0.09863686 0.21197976 -0.11005587 -0.030777454 0.102469675 0.11173416 -0.049502816 0.084477946 0.06970806 0.028811427 -0.11443772 -0.05531715 -0.070672765 -0.07132666 0.032551955 -9.851768E-4 0.16113594 0.13875113 -0.04983391 -0.13636644 0.056740746 0.061950486 0.13277255 -0.13206409 0.07968035 0.010521687 0.09620125 -0.100221165 -0.16157861 0.034193356 -0.12430682 0.06927992 -0.05585041 0.07562562 -0.044756647 0.053078275 -0.023937056 0.06206978 -0.0032155667 0.19577163 -0.048887864 0.020167662 0.034488916 0.07185168 -0.05407422 0.0055323686 0.060137484 0.1144401 -0.014045275 0.1628738 0.13588516 0.12430908 0.10323982 -0.1733214 -0.0741269 -0.107312515 -0.13044535 -0.12514287 0.05246839
-0.20700672 -0.18361582 -0.0130328685 -0.11584087 0.086919926 0.06316386 -0.122970395 0.101022884 0.034217387 -0.03394441 0.029890344 0.054215882 -0.040520623 -0.08650765 -0.043477237 -0.03281141 0.13618079 0.026612857 0.020949969 -0.11972673 0.15507723 -0.115466386 -0.070070356 0.17173414 0.17297424 0.08098684 0.07739391 -0.03560396 0.057739027 -0.03834737 -0.021087358 -0.0077748005 0.00539762 0.10168162 -0.09395553 0.15585397 0.044256292 -0.09015274 -0.11839177 0.050650023 0.07195806 0.001390474 -0.03299542 -0.068616025 -0.09642701 0.20399678 0.047233667 -0.06254507 0.07789904 0.14206325 -0.13848078 -0.1537871 0.07180935 -0.013237379 -0.111370526 -0.08733494 -0.07072533 -0.11798541 0.21390231 0.13003851 0.029419143 0.10137915 0.0091046095 -0.16787434
0.10553793 0.1685686 0.11099514 0.08540861 -0.18083994 -0.17840943 0.028751617 -0.053138465 0.03436812 -0.09666816 -0.03041589 0.012598221 0.029340873 0.22891073 -0.025136268 -0.11148172 -0.10218863 -0.11198466 0.06884789 0.012532368 -0.16801299 0.09964255 -0.0069251214 -0.15855391 -0.1600699 -0.14650431 -0.024797836 0.07145922 -0.165266 0.047868863 -0.1556554 0.15624067 -0.13953155 -0.14667122 0.015549063 -0.071909875 0.03274892 0.07362919 0.008113138 0.054293394 0.0019840898 -0.16441989 0.12863618 0.11500913 0.15715586 -0.07459822 -0.05430451 0.020226788 -0.029106336 -0.12996878 0.1795389 0.115492076 -0.022902954 -0.0146583095 0.19194119 0.063107096 0.14718416 0.116035074 -0.02398925 -0.103437655 -0.12482705 -0.009895292 -0.1321839 0.10849143
-0.12733133 -0.19349295 -0.01987472 -0.15267338 0.115924545 0.07993493 -0.17746745 0.08959651 0.02111661 -0.07550827 -0.03358411 0.10103132 -0.009947747 -0.22687803 -0.011077113 0.054379217 0.15970281 0.14611723 0.0027404046 -0.097187 0.105741575 -0.0040238276 0.0064167315 0.054485347 0.18362245 -0.0029799927 -0.017096432 -0.026325194 0.087686345 -0.032001257 0.08300598 -0.046942767 0.14383318 -0.002295361 -0.029712148 0.15139735 -0.034660902 -0.08382768 -0.10812586 0.0055870716 0.10121629 0.13553685 -0.15359883 -0.098409325 -0.07332706 0.09686977 0.027039602 -0.10377763 0.06630669 0.09343173 -0.06584198 -0.054952476 0.058384053 -0.120637685 -0.16277468 -0.15952729 0.015996955 -0.079783686 0.12873402 -0.029305132 0.12419165 0.18717925 0.010155997 -0.14131995
-0.19492897 -0.16535234 -0.19534196 -0.10133393 0.1107204 0.12139078 -0.19928709 0.057306964 -0.108878605 -0.10753439 -0.004821317 0.019113027 -0.03807425 -0.079369836 -0.08871851 0.030646797 0.048009384 0.011136289 0.099109076 -0.1273774 0.0015096583 -0.08267247 -0.122953296 0.005681385 0.20059693 0.078662045 -0.03873011 -0.042306893 -0.011893479 -0.076919414 0.025133567 -0.0638674 0.14698684 0.07053473 0.015172073 0.007847988 -0.07976641 0.042216755 0.018242233 0.06969568 -0.007107969 -0.0030798644 -0.14028929 -0.11396364 -0.18304616 0.1117343 -0.016121943 -0.15430963 0.06154146 0.09969381 -0.07183652 -0.14017686 -0.051092297 0.021174332 -0.074410066 -0.14920646 -0.17855924 -0.007025729 0.0937534 0.09097758 0.1856675 0.17383043 -0.0050635515 -0.08899206
0.08735665 0.18555763 -0.006011902 0.10188875 -0.049091466 -0.079483934 0.18599355 -0.06616749 0.1237002 0.04941475 -0.06722506 0.0029291543 0.024426224 0.20476307 -0.008486081 -0.1326975 -0.19107811 -0.07496004 -0.064630024 0.110276185 -0.12718166 0.11329264 0.08231469 -0.05168451 -0.07407795 -0.038386498 -0.064969756 0.13064945 -0.12722316 0.009321377 -0.046525672 0.1633182 -0.030706897 -0.035563372 0.064881384 -0.056536697 0.10594947 -0.07168734 0.029233426 -0.11546304 -0.0663645 -0.16893603 0.14929451 0.02286742 0.10661133 -0.076206155 -0.12830248 -0.023020076 0.013672019 -0.13670506 0.10609629 0.13919644 -0.012598153 0.05912334 0.07590891 0.12277675 0.043080147 -0.026057348 -0.14779508 -0.09076168 -0.12302003 -0.16850294 0.033036154 0.010330884
-0.17436922 -0.03481448 -0.11531087 -0.00886682 0.1660182 0.014678959 -0.15300934 0.10485758 -0.04803444 0.058420453 -0.031196594 0.05340997 0.04776455 -0.19393663 -0.056543756 0.083560646 0.20262708 0.113944694 0.13456361 0.0055987984 0.04715337 -0.17153764 -0.044297624 0.04951548 0.16802537 0.10395686 0.02818122 -0.16588333 0.1379735 -0.08539232 0.07462075 -0.16749501 -0.021767262 0.034761436 0.04311037 0.082064204 -0.021381065 -0.08418475 -0.13627546 0.09446887 0.0093767205 0.005017025 -0.06358029 -0.052381083 -0.026483025 0.18441151 0.13681778 -0.06788876 -0.030737553 0.034735367 -0.04376905 -0.12476509 0.020710817 -0.15977705 -0.13178694 -0.098929584 -0.08753192 0.028696844 0.17407693 -0.04128116 0.15835892 0.05329867 -0.048211053 -0.1151627
-0.17059383 -0.1691502 -0.01124701 0.17233448 -0.04181885 0.05718318 -0.07976626 0.099040255 0.38882408 -0.262404 0.38802075 -0.51002 -0.6515893 0.022037031 0.4617175 -0.36215934 0.17721899 0.084647715 0.33447054 0.12908605 -0.2730886 -0.06582892 -0.15827632 0.17009723 0.029191047 -0.14085515 -0.27560598 0.13322909 -0.17004095 0.32822785 -0.32330313 -0.19174609 -0.20797984 -0.08099009 -0.27494588 0.12698178 -0.35376874 0.4044743 -0.19417371 0.33361638 -0.58429635 -0.023793468 -0.108616896 0.120368645 -0.011833683 0.1382958 0.23639996 -0.010431831 -0.3627839 0.040330116 -0.06407625 -0.09131941 -0.39030913 -0.2377519 -0.0126047 -0.035712972 -0.14325128 -0.007253221 0.06865248 -0.21926606 0.20107876 0.18908574 -0.2734023 -0.058852717
0.12360895 0.22219247 0.08898607 0.11331232 -0.059240438 -0.075300716 0.18246897 -0.108873695 -0.0128897745 -0.050798282 9.100697E-4 0.045107923 -0.07260668 0.19280033 0.11818315 -0.15791693 -0.13908994 -0.07678641 -0.09598427 0.04507665 -0.08892604 0.159246 0.09122757 -0.054561716 -0.086748734 0.019848358 0.023273882 0.2071353 -0.11537735 0.107699364 -0.03436828 0.12173159 -0.019933904 -0.13476527 -0.050920893 -0.14599958 0.09399555 0.12520596 0.012516802 0.040782996 0.021231186 -0.058287326 0.11250891 0.01098548 0.18208298 -0.15085326 -0.08853865 0.0131992465 -0.017067144 -0.021938937 0.052870482 0.15392739 0.004803544 0.083358705 0.17588073 0.1660941 -0.0026114834 0.008093736 -0.07208741 -0.12147427 -0.0020848121 -0.03578911 -0.08590308 0.16232502
-0.17288715 -0.11510498 -0.096849166 -0.18536295 0.08195032 0.10906876 -0.19081146 0.11332809 0.008772339 0.085875794 -0.11406191 0.008067856 -0.016376859 -0.19530077 -0.11010251 -0.02080201 0.14873278 0.084442586 -0.017510694 -0.1804036 -0.0062514795 -0.03954391 0.011847864 -0.013748159 0.114283934 0.09479657 0.05850111 -0.053725608 0.18837982 -0.08238631 0.07818072 -0.030521736 -0.007847603 0.07148309 -0.0028131932 0.07311583 0.078767195 -0.03742465 -0.12674186 0.11529391 -0.076000474 0.12147359 -0.17362443 -0.10025369 -0.20365809 0.08180153 0.091583595 -0.1319809 0.084017225 0.065214925 -0.007833805 -0.11509816 0.05082251 -0.15009157 -0.14834557 -0.016103616 -0.03775084 -0.033766896 0.07568219 0.020241376 0.1556386 0.15671982 0.141447 -0.11836862
-0.08774193 -0.013052531 -0.11362381 -0.11091532 0.1791115 0.13742994 -0.15874235 0.13001028 0.02114614 -0.05859636 -0.025764462 -0.07042216 0.060046725 -0.054690033 -0.11132859 0.022000812 0.18815975 0.091660686 -0.037958138 -0.09613802 -0.0036210406 -0.17596738 0.0588576 0.0011423952 0.017980363 0.1181885 0.00816819 -0.19735257 0.18689987 -0.026344012 -0.006277096 -0.16843669 0.023307227 0.094716445 -0.056733225 0.11640458 -0.0075593046 0.035928167 -0.15788122 -0.004275801 0.025367692 0.13508752 -0.1696683 -0.14342311 -0.11377831 0.09477899 0.039158933 -0.1368434 0.031762943 0.16242325 -0.09753361 -0.06902131 -0.039729796 -0.10466986 -0.120798975 0.030766977 -0.015902543 -0.12290595 0.18917271 -0.030155202 -0.008205951 0.1429869 -0.02897932 -0.040268943
0.027833931 0.16486335 0.077080995 0.0070057567 -0.003754924 -0.120435 0.037168644 -0.09731911 0.101602115 0.089656174 -0.08623685 -0.10102381 -0.04142569 0.14931618 0.048142187 0.046816815 -0.19790654 -0.149592 -0.1536395 0.10751938 -0.035297725 0.09913271 0.061567936 -0.089106575 -0.16713953 0.022919832 -0.10643322 0.14958853 -0.08996484 0.025712708 -0.1141388 0.17448446 -0.07568245 0.05319404 0.12898928 -0.13022728 0.12641153 -0.014341452 0.13613474 -0.1253164 -0.0022649746 -0.16016336 0.064993195 0.069696926 0.18465675 -0.09766979 -0.06939132 -0.020306492 0.09252776 -0.15093242 0.007938371 0.012304996 -0.004480529 0.08997323 0.16652866 0.014274642 0.14000282 -0.055330653 -0.13318798 0.009733585 -0.011527604 -0.12089843 -0.03150623 0.11627205
0.037763912 0.09341078 0.00132453 0.15686731 -0.040948164 -0.12999253 0.1691927 -0.10909382 0.074589744 -0.071815304 -0.06333823 -0.07396732 -0.09139823 0.20563616 0.07271407 -0.106645316 -0.14300357 -0.07469065 0.019493505 0.15978357 -0.16524585 0.1811621 -0.017371207 -0.13327675 -0.15033364 -0.050121605 -0.035743576 0.07888314 -0.14198707 0.08238787 0.026990859 0.16030797 -3.547303E-4 0.029690739 -0.02234164 -0.056346696 0.03383067 0.0049803755 0.013866856 0.013603877 -0.08199152 -0.18012583 0.22515184 0.07602653 0.12191094 -0.10891804 -0.0738127 0.063376345 -0.10533556 -0.04735992 0.14998506 0.15926981 0.11647737 0.15583849 0.071050756 0.07952929 0.07000393 -0.034594998 -0.049972884 -0.16371362 -0.12475053 -0.04578636 -0.010510062 0.15180665
-0.05607011 -0.08641144 -0.13980663 -0.09692239 0.15037006 0.14959179 -0.20712101 -0.032953087 -0.0031488251 0.04949247 0.033282395 -0.021229051 -0.06702768 -0.1431867 -0.09044196 0.014528406 0.17325866 0.103773154 -0.027442133 -0.14751153 0.00183615 -0.16179422 -0.054911483 0.15756376 -0.01651927 0.09899272 -0.027070373 -0.15692933 0.081479825 -0.0039933547 0.032511897 -0.1609151 0.117513105 0.08000074 0.048267666 0.12501816 -0.08575961 0.025111418 -0.07358259 -0.06519083 0.058464427 0.08598491 -0.18503563 -0.030670805 -0.11679012 0.08471319 0.056270488 -0.04790476 0.045239814 0.026421988 -0.087552585 -0.09299436 0.054027285 -0.026052356 -0.08652077 -0.008517955 -0.118225686 -0.117521204 0.154321 0.12211303 0.09287384 0.14622447 0.059050288 -0.119630866
0.12130395 0.022281287 0.15830636 0.14642043 -0.09046601 -0.11796797 0.115598395 -0.15757912 0.029019706 -0.018497825 -0.07352419 0.022424767 0.0024230613 0.20039281 -0.034066617 -0.09277278 -0.09198324 -0.17948078 -0.0815732 0.13182928 -0.02905828 0.16587105 0.04014131 -0.14403296 -0.10325116 0.020197598 -0.08969147 0.0027004373 -0.05511574 0.03307694 -0.13683936 0.14758249 -0.06269535 -0.13692804 -0.041804355 -0.09826407 0.085462816 -0.06877256 0.039547794 -0.025613196 -0.017905438 -0.058832563 0.091298185 0.08241656 0.10881115 -0.17862406 0.018384993 0.08886721 0.09092317 -0.06228214 0.069911696 0.0672037 0.07501891 0.14080757 0.08663826 0.03415564 0.15560235 0.020100923 -0.10016451 -0.045825638 -0.071211815 -0.13316107 -0.11336793 0.030504446
0.044582732 0.07058579 0.0756826 -0.30707607 0.13767184 -0.18439744 0.048689518 -0.3006436 -0.3691842 0.22257148 -0.55823123 0.9196393 0.9988295 0.045830946 -0.5301035 0.8371174 -0.10072364 -0.18239176 -0.6033199 -0.1331852 0.4827578 0.26580837 0.29084063 -0.109426625 -0.16649874 0.4348702 0.27586907 -0.21121898 0.4563333 -0.39904386 0.29560757 0.2929358 0.36122388 -0.01922162 0.5538227 -0.07907842 0.69807136 -0.6295015 0.05527486 -0.52878714 0.9854062 0.06229439 0.13694328 -0.46515492 0.11446116 0.0036491584 -0.11898303 -0.007479589 0.7502357 0.02479992 0.11537645 0.085939005 0.4316476 0.20725301 0.197001 -0.07555611 0.25388402 0.0017785461 -0.1954107 0.29246187 -0.29489994 -0.14773373 0.31051597 -0.013185184
0.10939544 0.17242779 0.22073887 0.41684747 -0.28717592 -0.16344148 0.2973803 -0.1394183 0.49531615 -0.30298662 0.24441375 -0.26975715 -0.3210095 0.17265952 0.4315255 -0.36930338 -0.15997522 -0.14820328 0.058074705 0.4039456 -0.60709137 0.07127528 -0.05643605 -0.052902162 -0.13521816 -0.34380686 -0.415424 0.34537572 -0.4743183 0.42649433 -0.6464279 0.14125572 -0.24552448 -0.18010716 -0.57134527 -0.026177602 -0.38591328 0.350952 0.15180661 0.3728674 -0.6869484 -0.34085953 0.22827135 0.66924006 0.098760106 -0.23959816 0.06763314 0.14118385 -0.3724716 -0.09140901 0.039560866 0.03290497 -0.19585769 0.13870552 0.06445329 0.11730375 0.028450765 -0.01909994 -0.1651238 -0.4259659 -0.012689851 -0.10981831 -0.4135267 0.10263887
0.10781375 0.13071938 0.07399673 0.12569 -0.15074743 -0.12637287 0.19220737 -0.15248886 0.073254295 -0.073055394 -0.045238636 -0.009031843 0.010975276 0.105255544 0.14691718 -0.106284924 -0.12486484 -0.10578307 -0.114478625 0.044660687 -0.18034203 0.09641111 0.13633418 -0.12735523 -0.0010551157 -0.04037983 -0.09588371 0.1415459 -0.062439576 0.13956894 -0.031728167 0.09640428 0.012419535 -0.07225271 0.09068758 -0.058238614 0.051953644 -0.03923241 0.16855867 -0.06565785 -0.074594006 -0.099892184 0.14308897 0.15088157 0.21688242 -0.095067315 0.022920407 0.09590876 -0.0748472 -0.092218734 0.15271266 0.097262576 0.06525901 0.08835622 0.21998648 0.035691496 0.09794568 -0.044137575 -0.07695451 0.029559236 -0.03851442 -0.0461054 -0.12888885 0.1999575
-0.14592037 -0.05802334 -0.06786289 -0.076497234 0.16852038 0.08860634 -0.054207925 0.14220238 0.0044001425 -0.03608051 -0.066938296 0.07069538 0.03609994 -0.21772513 -0.1472952 0.036115613 0.06715423 0.06759305 0.031146938 -0.07329809 0.008089579 -0.055243663 -0.06314438 5.7057734E-4 0.07634295 -5.236046E-4 0.10622233 -0.101686716 0.19103876 -0.15827094 0.020267636 -0.18801875 0.101311974 0.09017776 -0.0014213674 0.1704272 0.083221555 -0.13632967 0.008718461 0.081921615 -0.030103382 0.08639463 -0.084097035 -0.09756249 -0.08994755 0.19444822 0.012791029 -0.17630638 -0.036927808 0.15660326 -0.08364284 -0.21069227 -0.06599008 -0.14563799 -0.111198686 0.0034524505 -0.006766279 -0.10356385 0.21180545 0.039778914 0.088155314 0.035865568 -0.03006186 -0.19098239
0.15463434 0.13160615 0.04922557 0.11079418 -0.16210148 -0.018513523 0.14807348 -0.036660675 0.1382285 -0.068308316 0.07512649 -0.07535928 0.01701195 0.2007505 -0.040376097 0.020155506 -0.16814344 -0.17668238 -0.025341451 0.13135971 -0.056584306 0.005260909 0.009379515 -0.05392541 0.015036885 -0.091568075 0.03607432 0.04254644 -0.1520276 0.027465537 -0.03237319 0.17771734 -0.058119144 -0.17118347 0.1050309 -0.089399196 0.05210149 -0.03327807 0.00727627 0.0155444965 -0.07148787 -0.10217423 0.20078638 0.13364325 0.072295584 -0.18083294 -0.007332599 0.15402517 -0.10955677 -0.13299231 0.12854816 0.14271367 0.011516513 -0.01421914 0.1393103 0.14358184 0.06074754 0.096479535 -0.1909756 -0.09107354 0.012201533 -0.09395609 0.0012000008 0.15267298
-0.039034013 -0.11265336 -0.11900276 0.014188065 0.13005303 0.089226514 -0.16423337 0.0341964 -0.025672898 0.072702825 -0.03608051 -0.031130696 0.014347653 -0.23037939 -0.10511973 0.11343977 0.17816092 0.13011251 0.16195723 -0.12694031 0.12745929 -0.1395647 -0.11905663 0.11952891 0.18442449 0.028661935 0.08650224 -0.16707136 0.11402125 -0.022240074 0.08365479 -0.19492356 -0.034975477 0.11990237 -0.04603106 0.07295172 0.012992402 -0.025939263 -0.13268696 0.047379315 -0.029297594 0.0162563 -0.14187592 -0.13016215 -0.21951625 0.05321031 0.08043514 -0.07467471 7.87086E-4 0.0013269102 -0.106138185 -0.0031332823 -0.070303366 -0.027633235 -0.18380344 -0.029107044 -0.08151473 0.02015276 0.023621654 0.13677606 0.0436752 0.10491867 -0.014099755 -0.041116443
0.10229987 0.20278843 0.17821212 -0.020880427 -0.13336661 -0.0378673 0.11151138 -0.051563814 0.059734583 0.016451532 -0.0022428688 0.005811593 0.051274467 0.19137439 0.051136795 -0.106901675 -0.17920049 -0.21080874 -0.060036 0.02104129 0.015855988 0.1708022 0.059812356 -0.047600135 -0.061879557 -0.07386632 -0.048047688 0.10007246 -0.139885 0.02649786 -0.06761924 0.036568247 -0.022852968 -0.0030556433 0.06206267 -0.13741638 0.08924905 0.0050963755 0.124949045 -0.11509264 -0.051671762 -0.10379903 0.10162384 0.09911905 0.18728872 -0.17106502 0.0053205034 0.049782168 0.039368823 -0.08567098 0.12085526 0.07393406 0.014738112 -0.0034033342 0.06829867 0.022595763 0.16733843 -2.1774006E-4 -0.2131687 0.027260784 -0.012127713 -0.019340575 -0.08948996 0.04480118
-0.1903501 -0.20111126 -0.03608063 -0.008043868 0.11709841 0.16204554 -0.09898705 0.041241206 -0.13779303 -0.041080993 -0.116774306 0.10305771 0.027746603 -0.09100038 -0.15879308 0.08477621 0.18131004 0.1548052 -0.016326876 -0.008871729 0.119153224 -0.103638835 -0.01035751 0.015889267 0.022151997 0.13305913 -0.025669562 -0.10422736 0.21265185 -0.137823 -0.02347305 -0.08683836 0.07608963 0.13390389 -0.011104489 0.053074095 -0.06923085 -0.08214951 -0.15374015 0.10213542 0.09322403 0.038087323 -0.21618214 -0.06869808 -0.18741226 0.14995214 0.017269824 -0.1377746 0.034521565 0.08399208 -0.06799061 -0.089568235 0.021695428 -0.074523754 -0.06335576 -0.14057885 -0.122539975 -0.03420676 0.18727116 0.03482697 0.17327297 0.036511905 0.15722051 -0.1465588
0.20953704 0.022147745 0.008208622 -0.021457393 -0.13299634 -0.048277166 0.13443571 -0.08626959 0.15447435 0.008663706 -0.035921656 0.0047325552 -0.06536216 0.15928337 0.018249802 -0.00950574 -0.062167563 -0.12735227 9.0377324E-4 0.11630453 -0.089974016 0.09235097 0.10253235 -0.08232424 -0.14197119 -0.11209241 0.022187652 0.20522425 -0.15087585 0.042535026 -0.062535174 0.12576126 -0.026237343 0.022392217 -0.054283474 -0.16660781 -0.043516602 -0.020462662 0.016288571 0.028496817 -0.040478732 -0.09219949 0.17947836 0.11679905 0.1620917 -0.2118934 -0.08011903 0.121896565 -0.087669134 -0.026216598 0.0043270728 0.10570405 0.016918128 0.1282192 0.16841465 0.124707505 0.1421806 -0.030680297 -0.051066183 -0.13246241 -0.17914957 -0.06765501 -0.07314567 -0.005266106
0.118108764 0.047899753 0.10227417 0.13631308 -0.06445534 -0.12749195 0.19429182 -0.08722725 0.016607665 0.010598822 -0.010247044 -0.042308267 -0.0946151 0.18142354 0.037037674 -0.075610675 -0.20810662 -0.13956961 -0.0643853 0.08600016 -0.04864807 0.17755331 0.061630983 0.013592254 -0.16758777 0.056876797 0.047454335 0.0108924555 -0.1854606 -0.032245733 0.022705883 0.18626142 0.033229195 -0.035837553 0.10241252 -0.028748553 0.12796892 0.09276916 0.17263226 0.045692418 -0.027328338 -0.004322553 0.056809116 0.10152491 0.17223997 -0.0717169 -0.15170768 0.011601677 -0.021259295 0.019802738 0.1722729 0.086401135 0.04890058 0.16682199 0.16194618 0.07524023 0.16062413 -0.010131972 -0.14937973 -0.037371084 0.00975242 -0.14210418 0.05088317 0.09357956
-0.110651694 -0.10053475 -0.08990192 -0.008750733 0.12295887 0.16545688 -0.073690616 0.13725556 0.035115086 0.02498899 0.013554491 -0.015109302 0.07888375 -0.09678584 -0.12531258 0.07695853 0.1670012 0.0070187836 0.06609464 -0.034267727 0.15813376 -0.03695802 -0.020696105 0.111248136 0.097940855 0.05030632 -0.0721319 -0.017508462 0.15506034 -0.062177047 0.07316043 -0.058953635 0.06946784 0.14476821 -0.038371254 0.09843521 0.0053274133 -0.11968023 -0.14713831 -0.008225305 -0.028397288 0.10202837 -0.19183001 -0.1036423 -0.11544476 0.19285725 -0.019406464 -0.026001692 -0.063465215 0.17869268 -0.054179613 -0.12860548 -0.082491755 -0.15328416 -0.038072962 -0.09845047 -0.10782568 -0.09323622 0.14857487 0.031098116 0.07926181 0.12949187 0.006636011 -0.12843944
0.16405387 0.08914341 0.18052827 0.0036253373 -0.120895974 -0.118181795 0.2309128 -0.02165106 0.008043985 -0.095158905 0.11361603 -0.0021745262 0.032190386 0.18761604 0.057189845 -0.0405091 -0.03885109 -0.107360974 -0.08722717 0.031155717 -0.04210745 0.06919807 -0.024087466 -0.041890614 -0.11736495 -0.050887275 0.03966048 0.21278879 -0.114297174 0.13767134 -0.16891134 0.09051233 -0.02814711 -0.1012906 0.06580481 -0.130348 0.03260213 0.12500584 0.07995271 -0.014771661 -0.06174865 -0.1211849 0.11113998 0.044043142 0.18867102 -0.16564865 0.004130602 0.14984411 0.077063754 -0.13075343 0.1442603 0.018952137 0.029646575 0.0034788733 0.17131786 0.12893313 0.05038895 -0.0022088524 -0.05841082 0.03105202 -0.13558693 -0.14660645 -0.14115712 0.054491915
-0.155216 -0.13340215 -0.16390471 -0.046186846 0.04928082 0.012880721 -0.09731086 0.012810141 0.021594357 -0.022928776 -0.07180455 0.092328936 0.06135422 -0.13025665 -0.07757429 -0.005691083 0.08976522 0.1853292 0.15027392 -0.09814415 -0.017611586 -0.16112174 -0.1388843 0.06643142 0.13157836 0.012102787 0.09884329 -0.09128636 0.1783598 -0.13158268 -0.021989817 -0.09643736 0.15372565 -0.015100581 -0.095745586 0.09654136 0.061614204 0.023759738 -0.0081881415 -0.03612392 -0.08697473 0.17551723 -0.11517646 -0.1254023 -0.117631905 0.21277034 0.121331066 -0.027181637 0.036857348 0.044864774 -0.10186892 -0.072121404 -0.112373576 -0.027024204 -0.20230356 -0.08757488 -0.016968954 -0.111952536 0.10848218 0.043815568 0.17640162 0.106471054 0.12683831 -0.04025597
-0.19736627 -0.18300264 -0.13963833 -0.13166292 0.19150132 0.07564162 -0.13082097 -0.01897258 -0.14166784 -0.02315136 -0.069541655 0.08469251 -0.046797752 -0.1519744 -0.14730929 0.020924173 0.035823382 0.09623077 -0.022814065 -0.16122067 0.18815887 -0.16413252 -0.12900682 0.15884298 0.053712662 0.07798102 0.09158329 -0.10837707 0.050402038 -0.028090404 -0.020963915 -0.05777514 0.057326257 -0.020714264 -0.01078817 0.17342588 -0.07441137 -0.008810599 0.018508071 -0.068411194 0.015168718 0.1446621 -0.1643012 0.0085712755 -0.033809062 0.07936234 0.16032508 -0.14109766 0.07737441 0.018139966 -0.07747712 -0.10878298 0.021769142 -0.049969338 -0.08771466 -0.11411349 -0.15231508 -0.017682768 0.19641396 -0.007205639 8.9576317E-4 0.15176561 0.14055762 -0.05626749
0.08207887 0.14031772 0.19010991 0.15566134 -0.14786847 -0.09701014 0.19762191 -0.0308405 0.111072555 0.04119855 0.00492595 0.031447813 0.06842164 0.08811465 0.085444465 -0.0778806 -0.20595233 -0.019112686 -0.101363264 0.0732665 -0.1558628 0.17737657 0.019953094 -0.17040245 -0.11436736 -0.11948445 -0.019508718 0.19128746 -0.07114854 -0.008006142 -0.12208668 0.13336514 -0.10639747 -0.11799909 -0.03698593 -0.13281734 0.0010038815 -0.035846867 0.008994751 -0.04685532 0.007071227 -0.0034891246 0.058160707 0.014199507 0.19764587 -0.15666683 -0.05013491 0.15241392 0.0702459 -0.071540244 0.0978888 0.13468908 0.11063807 -0.015997073 0.071101114 0.052989513 0.05609274 0.044514995 -0.16366999 -0.08906973 0.00890912 -0.15351081 0.025696412 0.12963077
-0.22372456 -0.15521394 -0.100693226 -0.06363465 0.13250117 0.09626473 -0.099199206 0.15039925 -0.08610134 -0.024497047 -0.10119011 -0.057315722 0.112000845 -0.07385331 -0.051393863 0.12995373 0.0915552 0.056549747 0.112061925 -0.060984187 0.033728343 -0.14401115 -0.05625398 -0.008214508 0.09778038 -0.024956442 -0.032422714 -0.14422545 0.19760472 -0.16256781 0.068983264 -0.01157993 0.063330896 0.1679158 -0.12180185 0.02182074 -0.07081795 0.008330159 0.005111975 0.06939488 -0.019953985 0.17382099 -0.1152568 -0.1578164 -0.118467726 0.12839931 0.004965134 -0.016779684 0.116533026 0.13081835 -0.11291398 -0.13140927 0.014190674 -0.011272734 -0.21873963 -0.001248999 -0.08006337 -0.075290956 0.12220879 0.113867976 0.18702151 0.124217674 0.1350166 -0.11640565
-0.1518701 -0.10987112 -0.12381757 -0.024071949 0.005415315 0.0329876 -0.19091074 0.12064889 -0.0633877 0.08127323 0.06009059 0.08895155 -0.047817864 -0.084341876 -0.0724101 0.12779635 0.15001172 0.11938053 0.05208243 -0.11469692 -0.004927942 -0.049143363 0.042423487 0.0576963 0.18148641 0.08274036 -0.046084665 -0.119807504 0.054646976 -0.018873274 0.13897416 -0.11854418 0.08639634 0.046105575 -0.14029066 0.09625631 -0.106698915 0.05451254 -0.16508228 -0.00725818 0.035909653 0.18646696 -0.09566261 -0.06797862 -0.028884338 0.18854561 0.054467063 -0.08133843 -0.10151508 0.099260025 -0.11288023 0.008762997 0.013284136 -0.13416606 -0.097935185 -0.11896819 -0.17333283 -0.121393986 0.10881238 0.018859737 0.17833155 0.064145595 0.01393175 -0.108146295
0.25172883 0.41289243 0.3986321 0.6878525 -0.3964418 -0.29774457 0.3329635 -0.23822956 0.9083596 -0.35452533 0.4386225 -0.25338656 -0.7040555 0.4272118 0.4323655 -0.60534626 -0.31356207 -0.31807888 0.12642443 0.46844515 -0.82713205 0.1706818 -0.19088955 -0.1417657 -0.3190032 -0.6008614 -0.39433026 0.4008738 -0.95355666 0.7688209 -0.7081054 0.2952582 -0.44441032 -0.3386813 -0.47467414 -0.20252274 -0.3409083 0.5942196 0.16983783 0.41460264 -0.7181069 -0.3268376 0.37697998 0.9497134 0.4217778 -0.2802974 -0.09689651 0.32389915 -0.4431992 -0.3836579 0.356756 0.36312097 -0.39538255 0.2695869 0.37604517 0.2601928 0.07652561 0.25457704 -0.25357983 -0.41706458 -0.26669282 -0.1981017 -0.8626149 0.29755494
-0.20356587 -0.1706465 -0.13968316 -0.00886251 0.09352819 0.13951585 -0.1672349 0.15362461 -0.12473152 0.06517355 0.043738205 -0.06667731 -0.03133813 -0.20795283 -0.05717242 0.10963328 0.093434 0.024068886 -0.009465274 -0.1563839 0.13768153 -0.1290836 -0.070900604 0.013367326 0.07187658 0.057898656 0.040957354 -0.12427245 0.03815806 -0.11751842 0.12433761 -0.07440587 0.09002981 0.06439021 -0.11054064 0.061983045 0.019961657 0.06333479 -0.16199906 -0.032676943 0.06342374 0.053917896 -0.18034385 0.022440273 -0.08385534 0.040374376 -0.03349909 -0.0035849926 -0.098091386 0.058090623 -0.09276468 -0.067199394 -0.02472361 -0.16284513 -0.15164423 -0.09695385 -0.17857808 0.01898093 0.17094181 -0.034033168 0.08951404 0.03639353 0.09288544 -0.10536141
-0.049537454 -0.034402438 -0.15119208 -0.16023152 0.080831215 0.07675765 -0.1783728 0.0886075 -0.042875454 -0.011651424 -0.07064506 -0.054419406 0.07178313 -0.13096373 -0.004302908 0.1067726 0.14256264 0.1488337 -0.06918503 -0.12609585 0.14015977 -0.13475281 -0.11765602 0.12824206 0.111407526 0.07468331 0.05790391 -0.20360567 0.10123811 0.005726036 0.12746704 -0.005783596 -0.0016197392 0.037517376 0.052713588 0.17137061 -0.03352692 0.053609893 -0.104918994 -0.029179728 0.111890584 0.059333462 -0.21776266 -0.14348114 -0.13165984 0.12782678 -0.034081817 0.0057931393 0.007930122 0.16299972 -0.09145015 -0.12795223 0.0828053 -0.008293436 -0.08228251 -0.11955007 -0.0203629 -0.0937985 0.15386692 0.12923592 0.124956094 0.0453092 -0.011914229 -0.15046081
0.12984046 0.13443917 0.18417725 0.16035494 -0.13902506 -0.07635774 0.056183007 0.01877352 -0.0040103607 0.057177182 0.03370681 -0.019384578 -0.10007295 0.21018037 -0.029797673 0.042048767 -0.022364087 -0.1523815 -0.11606473 0.17255941 -0.02126536 0.11857214 -0.041050408 -0.0879752 -0.08152111 -0.00934157 -0.08770134 0.062059827 -0.1836644 0.061935112 0.015545743 0.035892557 0.024478048 -0.016878523 0.08810979 -0.035623595 0.010363928 0.008836536 0.16332322 -0.03591861 -0.01575025 -0.021737386 0.052225184 0.14889006 0.1969651 -0.17122447 -0.11444689 0.14950399 0.029196756 -0.04710523 0.09258228 0.15619811 0.023441622 0.1628117 0.10454041 0.10071694 0.048737407 0.09131482 -0.05841173 0.006162042 -0.10409271 -0.15593743 -0.068898775 0.10846652
0.19340867 0.14266233 0.1639411 0.08697565 -0.102060825 -0.13994084 0.03370957 -0.10376894 -0.016787007 -0.001166575 0.11730698 0.043834902 0.047436055 0.079957746 0.023127388 0.009614964 -0.19742253 -0.022560455 0.005838089 0.13005087 -0.05205292 0.055210203 0.07609255 -0.003682307 -0.1547548 -0.011279506 0.029311748 0.09405912 0.003481957 0.068009324 0.009104421 0.17762372 -0.14795071 -0.056230668 0.119389124 -0.13822126 0.04060037 0.12306701 0.05549695 -0.09769417 -0.0127328215 -0.080948584 0.20411216 -0.017351894 0.08447846 -0.074573986 -0.056221362 0.108388364 -0.084938094 -0.12231872 0.17048098 0.05745122 -0.0060248626 0.1663804 0.04848891 0.048354276 -0.00960712 0.124923535 -0.011225782 -0.091840416 -0.1629496 -0.0013106911 0.04532873 0.1712216
0.05731513 0.1413286 0.09531188 0.53970844 -0.27370435 -0.16197531 0.15149537 0.029033694 0.5589086 -0.4888528 0.76884544 -0.6750346 -0.752751 0.17273416 0.62081677 -0.8342024 -0.09788165 0.09713757 0.60154307 0.0968424 -0.54536504 0.12560071 -0.3101316 -0.10081718 -0.15063807 -0.5902229 -0.5767379 0.12123566 -0.56126183 0.44871148 -0.41870636 0.026203789 -0.49311906 -0.19580992 -0.5367707 -0.12070347 -0.57009095 0.60881793 -0.016465627 0.6390562 -0.8380167 -0.2172101 0.2679373 0.5125379 0.21347757 -0.2271232 -0.0062491302 0.1405834 -0.87537295 -0.25038272 0.094840094 0.15979214 -0.627823 -0.084955886 0.06877575 0.28462 -0.11839177 0.1224697 -0.11075326 -0.55304074 0.015156662 -0.024928706 -0.86165667 0.16475043
0.14484522 0.103485905 0.1348108 0.04625838 -0.12808636 -0.067968935 0.09342894 -0.053914763 -0.0047264816 0.010376248 0.010935008 -0.012160869 -0.009615925 0.13490213 0.12013816 0.047761578 -0.13870217 -0.2019535 -0.10535355 0.09913743 -0.07155344 0.005180364 0.14369684 -0.13152224 -0.072183475 -0.010904207 0.0096977 0.11281969 -0.12093861 0.049268167 -0.11107286 0.15432408 0.026876617 -0.069465175 -0.047363274 -0.10156485 0.05021154 0.033553004 0.13346832 -0.10240515 0.09901396 -0.07236098 0.07305248 0.10639941 0.026304929 -0.1252493 -0.005293441 5.307191E-4 0.104731955 -0.09488518 0.17495802 0.055722278 -0.026671842 0.123966575 0.1119015 0.024283037 0.16039066 0.066135444 -0.05224277 -0.06390053 -0.072111584 -0.1457268 -0.038012065 0.11733838
-0.10202797 0.046142578 -0.10893837 -0.56727725 0.37275088 -0.06361913 -0.17362572 -0.08766349 -0.6706605 0.46217126 -0.54556185 0.38871664 0.59481436 0.0012828875 -0.53481036 0.64602286 0.038565382 -0.17768753 -0.13347958 -0.24683289 0.775904 0.14262655 0.35397035 -0.19058499 -0.04239356 0.71076095 0.6208421 -0.36487955 0.78380185 -0.43948725 0.38849995 0.02708682 0.6886133 0.071874484 0.31335834 -0.07753996 0.3155849 -0.5173741 0.07195467 -0.7032891 0.7567257 0.19988093 -0.024466611 -0.78844875 -0.113342345 0.11223207 -0.17386572 -0.12285547 0.5188763 0.008997188 0.06587468 -0.032797653 0.5518717 0.12784486 -2.7755724E-4 -0.0058041206 0.275129 0.13130674 0.083778426 0.50594234 -0.039676648 -0.13141423 0.6019244 -0.09073858
0.030399246 0.16398339 0.08011102 -0.0145073915 -0.066119276 0.01763459 0.07141481 -0.04327831 0.052698832 -0.07459129 -0.038487602 -0.10774311 -0.08277938 0.19071022 0.033288732 0.009894161 -0.18508436 -0.19454572 -0.1530462 0.14346738 -0.10060326 0.122308694 0.08547344 -0.06920022 -0.099074535 -0.080711864 -0.06684435 0.16188896 -0.0023061945 -0.0017500594 0.007732547 0.081744075 0.03554897 -0.14233673 0.048683707 -0.04578955 0.042989444 -0.07042651 0.08823285 0.003892621 0.030310668 -0.08331748 0.19127117 0.01342501 0.12484795 -0.13997836 -0.060318008 -0.0019734008 0.07192161 -0.08073137 0.053221643 0.13516094 -0.036411703 0.14752683 0.016833082 -0.046702445 0.1470083 0.058155917 -0.13788716 -0.051875293 -0.13125072 -0.16384205 0.026076855 0.096411265
-0.20561597 -0.13596043 -0.11686401 0.01995154 0.09250171 0.17387071 -0.10285487 0.030364992 -0.12826842 0.022784423 0.050317325 -0.0047936784 -0.0609153 -0.08927114 0.04956003 0.0201522 0.0147330575 0.16702811 0.14900358 -0.14214024 0.034592073 -0.14179312 -0.026455915 0.16357002 0.18408753 -0.032215107 0.008787638 -0.094112694 0.048173804 0.020136163 -0.0068791 -0.19241197 -0.0014188717 -0.03560189 -0.13167094 0.14511155 -0.025248267 -0.080138296 0.025941003 0.04618924 0.021895306 0.006802978 -0.1705171 -0.057806913 -0.01063114 0.14593585 0.10281339 -0.094114326 0.07607723 0.03498181 -0.16214646 -0.14660318 -0.08777967 -0.10118663 -0.061723705 -0.05157592 -0.056322403 0.027936155 0.03935896 0.0074906466 0.15289277 0.09480021 0.1251502 -0.047601074
0.07967747 0.016413165 0.1848159 0.07521611 -0.101315826 -0.034188244 0.11241647 -0.10528361 0.03477469 0.05532539 0.027198622 -0.020866113 0.06898002 0.18877836 -0.043355875 -0.047874484 -0.084245 -0.035904802 -0.020351581 0.018477403 -0.13011502 0.109628364 0.068540186 -0.113967575 -0.11077335 -0.11768263 0.01876246 0.18258485 -0.07336868 0.15051468 -0.081751846 -0.014120458 -0.056391016 -0.15977104 0.08748578 -0.12106766 0.113684006 0.028410668 0.09299441 0.05707292 0.026950227 -0.07308356 0.21244471 0.14173643 0.036024664 -0.18021783 -0.015681585 0.08306956 -0.0060282955 0.021970613 -0.017573304 0.1950706 0.051580325 0.09473581 0.20326756 0.16014601 0.026991818 0.036878213 -0.16286075 -0.11800755 -0.16280064 -0.1618016 -0.058526482 0.089114375
0.08247132 0.12421948 0.11471259 0.14728156 -0.077669315 0.025731966 0.2026197 -0.15479906 0.0027708265 0.07718162 0.07552128 -0.009684485 0.014751527 0.15510228 -0.035073414 0.013463533 -0.116374515 -0.1720669 0.016288225 0.09485537 -0.08211975 0.04435013 0.0013494532 -0.1582583 -0.1765852 -0.0044678645 0.06854865 0.010134918 -0.16603318 0.14062756 -0.13453741 0.17125112 -0.058568377 -0.13391788 0.0065158606 -0.006810427 -0.008936847 0.080830134 0.07447242 -0.05969563 0.09440078 -0.106823616 0.09182572 0.023178754 0.15184814 -0.16319276 -0.14909004 0.1743786 -0.04751348 -0.12195888 0.06737256 0.060035408 0.031358305 0.045094237 0.03320251 0.036382433 0.11780161 0.1204837 -0.09901161 0.05804421 -0.14721377 -0.031836566 0.03680031 -4.0244588E-4
0.20858544 0.19670638 0.11282967 0.020318722 -0.04095086 -0.098970935 0.1370644 -0.035802957 0.078478016 0.08415742 0.0638994 -0.063138135 0.081178196 0.14770433 0.061693277 -0.058191154 -0.12626211 -0.11296168 -0.13787027 0.08565158 0.024601897 0.08805985 0.13239394 -0.115101196 -0.16488123 -0.09155811 -0.10736113 0.113600574 -0.012140023 0.08619149 -0.10093532 0.103893325 -0.004137422 -0.10130881 -0.037911337 -0.08055532 -0.047674965 -0.01643237 -0.026538016 -0.10194934 0.0066574086 -0.12879018 0.09077865 0.050219547 0.086466745 -0.16565554 0.018715225 0.049765922 0.084620796 -0.13965155 0.09755506 0.17402567 -0.03912874 0.11108383 0.15511358 0.13635026 -0.028270472 -0.020239707 -0.15960737 -0.108325094 -0.12135665 -0.02285923 -0.07886948 0.07180473
0.08872022 0.04175275 0.13832006 0.10810404 -0.17806186 -0.14979704 0.11685189 -0.133938 0.07700661 0.07176897 0.056874618 0.06934717 -0.07685036 0.17490576 0.051690314 -0.047078267 -0.12198944 -0.0049089547 -0.047153115 -5.247489E-4 -0.007562993 0.038336605 0.11403909 -0.070641704 -0.041040797 0.01556206 0.0544685 0.101039246 -0.2033661 0.026931085 -0.03771765 0.15135592 -0.0679521 -0.16012338 0.043726448 -0.13861734 -0.04706936 0.075267486 0.038399924 0.061507814 -0.066667445 -0.17867866 0.24244417 -0.01633659 0.18057689 -0.16383554 -0.09820514 0.100866266 0.062710054 -0.1757644 -0.002222958 0.07307525 -0.064305685 0.09289376 0.09195539 0.064515196 -0.014942041 0.008397016 -0.15311664 -0.1451991 -0.06322714 -0.11510909 0.03791746 0.11621847
0.2111896 0.1672088 0.07830114 -0.025054082 -0.005899992 -0.071642116 0.19550419 -0.020710133 0.010871507 -0.05563071 0.08877988 -0.028748624 -0.024313837 0.10494452 0.03649206 0.0020473523 -0.19440496 -0.117247194 -0.031121602 0.067993864 -0.18137491 0.19537729 0.10319389 -0.052611284 0.009219507 -0.086171746 -0.007059378 0.135297 -0.078780055 0.027879069 -0.12847471 0.117177896 -0.12506644 -0.12140079 0.07398756 -0.04817915 -0.010522777 0.026822008 0.105698675 0.0043340935 -0.07113339 -0.14851357 0.17519553 0.024968158 0.08493661 -0.19174433 -0.014635457 -0.003853905 0.015080014 -0.13437255 0.09884744 0.058207333 0.07056576 0.12438823 0.20341821 0.035135888 0.13148922 0.13154458 -0.21299802 -0.012905703 -0.040115364 -0.06861793 -0.003613894 0.0026300394
-0.15249944 -0.18000147 -0.2874041 -0.543331 0.35133946 0.17459556 -0.32448506 0.032052647 -0.55259216 0.3116733 -0.2103798 0.35669357 0.3672867 -0.2886626 -0.43850455 0.37174493 0.10086779 0.16182607 -0.23041071 -0.35086703 0.63968414 -0.14816636 -0.057100467 0.076391235 0.08934416 0.3640956 0.19837977 -0.28261355 0.6067293 -0.52192384 0.42179388 -0.2382304 0.40669903 0.2189257 0.3099889 0.2674301 0.17903458 -0.36133713 -0.057975285 -0.21493348 0.3891942 0.29378524 -0.13084862 -0.59236914 -0.31854114 0.15430146 0.05582557 -0.18169919 0.36062032 0.20779209 -0.10884053 -0.22877923 0.3662744 -0.018484462 -0.13700284 -0.19811098 -0.09946652 -0.06302112 0.27747342 0.4375462 0.06999323 0.2511176 0.51147693 -0.28832003
0.1853932 0.24976344 -0.038822096 -0.3902778 -0.058530774 -0.02458937 0.027568487 -0.22772619 -0.36820024 0.54382914 -0.5698893 0.75106674 0.7825383 0.1708869 -0.60137093 0.7231082 -0.2900621 -0.38021994 -0.698516 0.009236921 0.18257616 0.20838775 0.38499522 -0.268733 -0.16693336 -0.027585033 0.2761725 -0.029449522 0.23265892 -0.52503633 0.6694355 0.3617345 -0.03672329 0.07612361 0.619527 -0.05076803 0.56444746 -0.5903014 0.1135526 -0.7738356 1.0283579 0.12374527 0.14331892 -0.23816612 0.046394944 -0.13454796 -0.03347133 0.01444275 0.68278 -0.03430777 0.006109181 0.035903387 0.57781655 0.1820153 0.14005059 0.0011721873 0.35795373 0.13958696 -0.32929003 0.399766 -0.41244152 -0.21627793 0.4474317 -0.11589518
-0.12974687 -0.18870227 -0.018662687 -0.08655138 0.12990256 -0.009314083 -0.15057063 0.092322536 -0.08099183 0.03973305 -0.007599463 0.078173205 0.057057466 -0.20333567 -0.11579673 -0.0379526 0.1706772 0.18530577 -0.025917543 -0.04168204 0.051842064 -0.18052174 -0.1285755 0.00944967 0.012679994 0.02336564 -0.0061923345 -0.1421469 0.08202502 -0.13767086 -0.018505123 -0.11607841 -0.028300188 -0.011084278 -0.13656878 0.12255606 -0.07225502 0.041381977 -0.054006167 0.1254825 -0.063964725 0.013296495 -0.20190004 -0.15192999 -0.11141343 0.14656311 0.09597641 -0.055597864 -0.08083635 -0.013758223 -0.15634555 -0.1301419 -0.06694287 -0.035893533 -0.065657206 -0.1550196 -0.11405259 0.034147497 0.16681816 -0.0051060827 0.10323842 0.15714811 0.05702359 -0.035885103
0.06950119 0.21428762 0.13105571 0.12492587 -0.10265117 -0.13499229 0.20247503 -0.016904077 0.09371515 -0.09496857 0.06994419 0.07257666 -0.10846071 0.13803996 0.11523933 0.00490939 -0.11110408 -0.09103016 -0.10736671 0.13947974 -0.08329445 0.15967746 -0.024194837 -0.08459045 -0.126795 -0.098071806 -0.107312806 0.1418304 -0.12341587 0.045754176 -0.011941956 0.15474854 -0.08349698 -0.11967467 0.08528716 -0.14402509 -0.01383731 -0.040907115 0.0046039517 -0.07883716 -0.09813744 -0.011902527 0.13177933 0.08867538 0.18958004 -0.10958817 -0.168012 0.013560915 0.06883409 -0.10680344 0.06296149 0.015812237 0.013935296 0.08666069 0.11640993 0.16995823 0.016772406 -0.034567073 -0.0848055 -0.16050959 -0.19286457 -0.124275476 0.036391802 0.01382117
-0.16206117 -0.060615543 -0.17491849 -0.12066822 0.17051713 0.07130654 -0.07880386 0.18485107 0.019003104 0.02356239 0.018901264 -0.038119636 -0.02787102 -0.04657505 -0.03170755 0.08497452 0.21773756 0.10938342 0.11661306 -0.0555631 0.06895571 -0.08498252 0.028399177 0.06848373 0.18982695 0.0053657256 -0.06849793 -0.16467397 0.060156036 -0.03595226 0.08486961 -0.07365012 0.027845314 -0.032674856 -0.14452252 0.0030304354 -0.118588015 0.06634609 -0.06858425 0.12515166 0.014411947 0.17750253 -0.13915877 -0.12789291 -0.05506702 0.17835268 0.07312025 0.013704254 -0.098011754 0.0037727961 -0.13547832 -0.043688256 -0.022641692 -0.07900219 -0.19800678 -0.087691985 -0.12654579 0.044985175 0.18565746 0.007704354 0.08112783 0.01219623 -0.038305398 -0.08240944
-0.035855766 -0.20120591 0.020225147 0.35069868 -0.086822465 0.095566526 0.11089815 0.09922483 0.3978418 -0.27223766 0.5736202 -0.79163224 -0.8526838 -0.12428915 0.5666466 -0.85279125 0.18817475 0.2664163 0.6430932 0.07891519 -0.33178264 -0.10912603 -0.41527238 0.27664462 0.16265239 -0.28691462 -0.29211053 0.10544332 -0.45135283 0.36047703 -0.32503137 -0.25402734 -0.24894232 0.06270123 -0.37714696 0.105091065 -0.44386154 0.4376575 -0.24152024 0.5710905 -0.6955842 -0.044849757 0.039491713 0.45255762 -0.026962752 0.04362509 0.10789004 0.017661976 -0.67581606 0.10075849 -0.1078437 -0.13105305 -0.5085401 -0.2822463 -0.040739946 -0.029828234 -0.31939617 -0.12999587 0.15266757 -0.31808028 0.25241828 0.05995359 -0.33235434 -0.08510668
0.017999457 0.19547692 0.02552785 -0.33557206 0.10677128 -0.14314647 -0.21936662 -0.24755925 -0.4277245 0.5229621 -0.8358174 1.4379865 1.4355296 0.06691993 -0.9619095 1.0106316 -0.14676967 -0.30286196 -1.125871 -0.15523447 0.33743307 0.16037668 0.26361004 -0.1321287 -0.100042395 0.22734363 0.12721518 -0.2225403 0.46330363 -0.38995755 0.44593635 0.13636994 0.29397815 0.21211939 0.60198647 0.008683705 1.0130638 -0.8969749 0.091781884 -0.7390488 1.4958407 0.28277045 0.023541147 -0.5046058 -0.1339474 -0.024015136 -0.1469927 -0.11096791 1.0999981 0.10917718 -0.05408444 6.110326E-4 0.52598655 0.2528858 0.013652661 -0.25281304 0.1941898 -0.036876157 -0.06883857 0.32206342 -0.17227702 -0.16130958 0.34712547 -0.0426638
0.18388747 0.11303949 0.17468648 0.07443087 1.414768E-4 -0.15785943 0.09629152 -0.004561948 0.013809858 -0.075562164 0.14062808 0.0584959 -0.08872484 0.17357923 -0.02843563 0.007157981 -0.016221073 -0.018698048 -0.08840385 0.18138446 -0.11755102 0.16752546 -0.039937563 -0.09453904 0.0030071007 -0.053685635 -0.006054904 0.12610586 -0.11297929 0.07122153 -0.1176875 0.030080926 0.024513492 -0.019823015 0.05128899 -0.09973507 -0.06889387 -0.006797381 0.14228803 -0.06923027 0.0074830432 -0.08899758 0.09250775 0.13920146 0.1636412 -0.033017635 -0.12392473 0.17615145 -0.043374497 -0.1510092 0.017409142 0.14237104 0.039872304 0.07988062 0.19858167 0.03690733 0.11076008 0.13511965 -0.12050265 -0.004551582 -0.15421468 -0.04128596 -0.10663933 0.1578265
-0.03955623 -0.09595416 -0.18476449 -0.11638522 0.023501586 0.1237357 -0.12078835 0.13451587 -0.03813473 0.023931837 -0.08907543 -0.065161355 -0.036660373 -0.11842345 0.023628363 0.066188805 0.08819216 0.13844763 0.11584511 -0.014229422 0.087389246 -0.11501872 0.032294482 0.04840722 0.15585321 -0.05955607 0.05285659 -0.117948756 0.11988036 -0.1446522 0.09670314 -0.0969428 -0.036419574 -0.016979732 0.05032571 0.074310556 -0.009592343 0.056156613 -0.10916186 -0.056503065 0.06424657 8.2904374E-4 -0.15188153 -0.13735212 -0.10191327 0.068910286 0.16388947 -0.063350484 -0.0888641 0.020132 -0.15778545 -0.18058272 0.04773853 -0.13202293 -0.21543491 -0.080511205 -0.13846724 -0.14855285 0.15044439 0.0772412 0.07693047 0.1723858 -0.057380583 -0.08177861
0.022083562 0.17449151 0.023775619 0.010337176 -0.10524092 -0.119012 0.16980721 -0.099663116 -0.025366068 -0.041049257 9.214397E-4 0.06373455 -0.063442394 0.054141734 0.118990384 -0.051463034 -0.034381848 -0.004526204 -0.10856645 0.09604894 -0.007641714 0.13636667 0.09131798 -0.18009453 -0.1272419 -0.022947336 -0.05366808 0.19870956 -0.120345466 0.035500936 -0.034019366 0.06356274 -0.09485963 -0.07457693 -0.042222355 -0.07257186 -0.02095111 -0.023497954 0.047155887 0.005412088 0.027509665 -0.15285414 0.069881335 0.17411202 0.074937224 -0.1470861 -0.10329641 0.18200313 -0.07187508 -0.040336974 0.13690872 0.18682832 0.11407113 0.15897566 0.20795457 -0.018291226 0.1588678 0.062092666 -0.12285405 -0.08986726 -0.05133557 -0.0997961 0.005516998 0.14394751
-0.1794656 -0.17196888 -0.14033933 -0.020874891 0.11946718 0.031181011 -0.20712003 -0.0067865103 -0.05350355 -0.050957385 -0.07479707 0.11558574 -0.02041798 -0.1627302 -0.09277465 0.09157012 0.2125272 0.022917079 -0.023605675 -0.11152909 0.10162872 -0.101830624 -0.017218957 0.105951734 0.15066582 0.014912657 0.04266379 -0.029023588 0.049728066 -0.047050573 0.17620139 -0.008343749 0.1608491 0.16693275 -0.01743918 0.05433471 -0.06364407 -0.083707556 -0.11699504 -0.035692707 0.02601673 0.17329313 -0.12885462 -0.16088502 -0.09661963 0.2298522 0.021316236 -0.19350466 -0.028135516 0.15159298 -0.120669246 -0.063998826 0.08174727 0.017077476 -0.041248742 -0.08347781 -0.0634078 -0.042439748 0.07773731 0.03341184 0.058057584 0.19543554 0.15493457 -0.0049494365
0.18677513 0.15443186 0.09114937 0.10605504 -0.16668294 -0.122175924 0.09893548 -0.014841114 0.10017698 0.06495914 0.0050555053 -0.08802497 -0.011530421 0.18559565 0.031620324 0.007800015 -0.10486665 -0.041264907 -0.09063747 -0.027373075 -0.13739225 0.17450012 0.09188011 -0.16182187 -0.070697606 -0.07719264 0.05606157 0.12328081 -0.07568579 0.06051289 -0.020254184 0.19148293 -0.06766043 -0.002654021 0.06672537 -0.07436444 0.09025284 0.08083873 0.15164936 -0.061916057 0.07814695 -0.14695472 0.093365096 0.14618972 0.15532297 -0.05459104 -0.14047194 0.11755319 -0.07583001 -0.06913319 0.101852596 0.06710998 0.036155667 0.05708026 0.15172803 -0.012664499 0.16732456 0.013567777 -0.056498587 0.010949776 -0.023853814 -0.0559714 -0.0745777 0.005924121
0.25027478 0.14521909 -0.22426301 0.13535309 -0.2674034 -0.20821285 0.1941675 -0.14599295 0.2297487 0.18248607 -0.21339418 0.15735388 0.024965243 -0.22065462 0.13545103 0.2330259 -0.15737353 -0.2643761 0.22307988 -0.19695993 -0.18847209 -0.1244829 -0.074565545 0.21968633 -0.15020254 0.21883944 -0.24536918 0.07940074 -0.20529366 -0.14749333 0.24556647 -0.16038796 0.24389736 0.19762777 -0.04376149 0.21292424 0.08733416 -0.3447818 0.18382473 0.24672912 -0.20252554 -0.23422192 -0.11072396 -0.23145267 0.13663861 -0.24130367 0.18966898 -0.18746728 -0.24501443 -0.17535694 -0.26305813 -0.119171314 0.3004527 -0.41582316 0.10932624 -0.1711606 0.18800075 0.19325872 -0.22067584 -0.22322464 0.18919729 -0.15589587 0.24387382 -0.26991707
64 1
-0.033166658 0.08725384 -0.0038077952 0.014941614 -0.15806028 0.027227353 0.1188923 -0.17627212 0.12142707 0.044451278 0.020061323 0.018157907 -0.6980767 -0.15591112 0.15043193 0.06865918 0.1437031 -0.16904485 0.06900296 0.039687943 0.74981165 -0.8022101 -0.14596364 0.15789281 -0.1434009 0.04558719 0.03829208 0.1800862 -0.12727915 -0.026571516 0.06303964 -0.12749854 0.029013708 0.13666749 -0.09156398 0.14207318 0.053099323 -1.257015 0.07064375 0.18269436 -0.07469322 -0.037267603 -1.3670185 0.060321935 1.1659588 0.071236886 -0.04717815 -0.09302044 0.050703727 -0.03965888 -0.15090159 -0.07221333 0.7719962 0.9871301 -0.01658742 -0.144645 -0.079495914 -0.6928529 1.2768354 -0.13857153 0.05824578 -0.11604677 0.17336676 0.015058219
-0.14834107
